-- phpMyAdmin SQL Dump
-- version 4.6.6deb5
-- https://www.phpmyadmin.net/
--
-- Host: localhost:3306
-- Generation Time: Mar 31, 2019 at 06:50 PM
-- Server version: 5.7.25-0ubuntu0.18.04.2
-- PHP Version: 7.2.15-0ubuntu0.18.04.2

SET SQL_MODE = "NO_AUTO_VALUE_ON_ZERO";
SET time_zone = "+00:00";


/*!40101 SET @OLD_CHARACTER_SET_CLIENT=@@CHARACTER_SET_CLIENT */;
/*!40101 SET @OLD_CHARACTER_SET_RESULTS=@@CHARACTER_SET_RESULTS */;
/*!40101 SET @OLD_COLLATION_CONNECTION=@@COLLATION_CONNECTION */;
/*!40101 SET NAMES utf8mb4 */;

--
-- Database: `SS_mysite`
--

-- --------------------------------------------------------

--
-- Table structure for table `ChangeSet`
--

CREATE TABLE `ChangeSet` (
  `ID` int(11) NOT NULL,
  `ClassName` enum('SilverStripe\\Versioned\\ChangeSet') DEFAULT 'SilverStripe\\Versioned\\ChangeSet',
  `LastEdited` datetime DEFAULT NULL,
  `Created` datetime DEFAULT NULL,
  `Name` varchar(255) DEFAULT NULL,
  `State` enum('open','published','reverted') DEFAULT 'open',
  `IsInferred` tinyint(1) UNSIGNED NOT NULL DEFAULT '0',
  `Description` mediumtext,
  `PublishDate` datetime DEFAULT NULL,
  `LastSynced` datetime DEFAULT NULL,
  `OwnerID` int(11) NOT NULL DEFAULT '0',
  `PublisherID` int(11) NOT NULL DEFAULT '0'
) ENGINE=InnoDB DEFAULT CHARSET=utf8;

--
-- Dumping data for table `ChangeSet`
--

INSERT INTO `ChangeSet` (`ID`, `ClassName`, `LastEdited`, `Created`, `Name`, `State`, `IsInferred`, `Description`, `PublishDate`, `LastSynced`, `OwnerID`, `PublisherID`) VALUES
(1, 'SilverStripe\\Versioned\\ChangeSet', '2019-03-26 14:24:55', '2019-03-26 14:24:55', 'Generated by publish of \'SilverStripe Demo\' at Mar 26, 2019, 2:24 PM', 'published', 1, NULL, '2019-03-26 14:24:55', '2019-03-26 14:24:55', 0, 1),
(2, 'SilverStripe\\Versioned\\ChangeSet', '2019-03-26 14:29:18', '2019-03-26 14:29:17', 'Generated by publish of \'SilverStripe Demo\' at Mar 26, 2019, 2:29 PM', 'published', 1, NULL, '2019-03-26 14:29:18', '2019-03-26 14:29:18', 0, 1),
(3, 'SilverStripe\\Versioned\\ChangeSet', '2019-03-26 14:50:15', '2019-03-26 14:50:15', 'Generated by publish of \'Home\' at Mar 26, 2019, 2:50 PM', 'published', 1, NULL, '2019-03-26 14:50:15', '2019-03-26 14:50:15', 0, 1),
(4, 'SilverStripe\\Versioned\\ChangeSet', '2019-03-28 01:38:04', '2019-03-28 01:38:04', 'Generated by publish of \'About\' at Mar 28, 2019, 1:38 AM', 'published', 1, NULL, '2019-03-28 01:38:04', '2019-03-28 01:38:04', 0, 1),
(5, 'SilverStripe\\Versioned\\ChangeSet', '2019-03-28 01:38:35', '2019-03-28 01:38:34', 'Generated by publish of \'Contact\' at Mar 28, 2019, 1:38 AM', 'published', 1, NULL, '2019-03-28 01:38:35', '2019-03-28 01:38:35', 0, 1),
(6, 'SilverStripe\\Versioned\\ChangeSet', '2019-03-28 02:42:09', '2019-03-28 02:42:08', 'Generated by publish of \'Home\' at Mar 28, 2019, 2:42 AM', 'published', 1, NULL, '2019-03-28 02:42:09', '2019-03-28 02:42:09', 0, 1),
(7, 'SilverStripe\\Versioned\\ChangeSet', '2019-03-28 02:46:13', '2019-03-28 02:46:13', 'Generated by publish of \'Home\' at Mar 28, 2019, 2:46 AM', 'published', 1, NULL, '2019-03-28 02:46:13', '2019-03-28 02:46:13', 0, 1),
(8, 'SilverStripe\\Versioned\\ChangeSet', '2019-03-28 04:44:37', '2019-03-28 04:44:37', 'Generated by publish of \'Home\' at Mar 28, 2019, 4:44 AM', 'published', 1, NULL, '2019-03-28 04:44:37', '2019-03-28 04:44:37', 0, 1),
(9, 'SilverStripe\\Versioned\\ChangeSet', '2019-03-28 04:49:18', '2019-03-28 04:49:17', 'Generated by publish of \'Home\' at Mar 28, 2019, 4:49 AM', 'published', 1, NULL, '2019-03-28 04:49:18', '2019-03-28 04:49:18', 0, 1),
(10, 'SilverStripe\\Versioned\\ChangeSet', '2019-03-28 04:52:55', '2019-03-28 04:52:55', 'Generated by publish of \'Home\' at Mar 28, 2019, 4:52 AM', 'published', 1, NULL, '2019-03-28 04:52:55', '2019-03-28 04:52:55', 0, 1),
(11, 'SilverStripe\\Versioned\\ChangeSet', '2019-03-28 07:24:22', '2019-03-28 07:24:22', 'Generated by publish of \'#1\' at Mar 28, 2019, 7:24 AM', 'published', 1, NULL, '2019-03-28 07:24:22', '2019-03-28 07:24:22', 0, 1),
(12, 'SilverStripe\\Versioned\\ChangeSet', '2019-03-28 07:57:13', '2019-03-28 07:57:12', 'Generated by publish of \'#2\' at Mar 28, 2019, 7:57 AM', 'published', 1, NULL, '2019-03-28 07:57:13', '2019-03-28 07:57:12', 0, 1),
(13, 'SilverStripe\\Versioned\\ChangeSet', '2019-03-28 07:57:23', '2019-03-28 07:57:23', 'Generated by publish of \'#2\' at Mar 28, 2019, 7:57 AM', 'published', 1, NULL, '2019-03-28 07:57:23', '2019-03-28 07:57:23', 0, 1),
(14, 'SilverStripe\\Versioned\\ChangeSet', '2019-03-28 07:58:18', '2019-03-28 07:58:18', 'Generated by publish of \'#3\' at Mar 28, 2019, 7:58 AM', 'published', 1, NULL, '2019-03-28 07:58:18', '2019-03-28 07:58:18', 0, 1),
(15, 'SilverStripe\\Versioned\\ChangeSet', '2019-03-28 07:58:48', '2019-03-28 07:58:48', 'Generated by publish of \'#4\' at Mar 28, 2019, 7:58 AM', 'published', 1, NULL, '2019-03-28 07:58:48', '2019-03-28 07:58:48', 0, 1),
(16, 'SilverStripe\\Versioned\\ChangeSet', '2019-03-28 07:58:59', '2019-03-28 07:58:59', 'Generated by publish of \'Home\' at Mar 28, 2019, 7:58 AM', 'published', 1, NULL, '2019-03-28 07:58:59', '2019-03-28 07:58:59', 0, 1),
(17, 'SilverStripe\\Versioned\\ChangeSet', '2019-03-28 09:25:10', '2019-03-28 09:25:10', 'Generated by publish of \'#2\' at Mar 28, 2019, 9:25 AM', 'published', 1, NULL, '2019-03-28 09:25:10', '2019-03-28 09:25:10', 0, 1),
(18, 'SilverStripe\\Versioned\\ChangeSet', '2019-03-28 10:19:43', '2019-03-28 10:19:42', 'Generated by publish of \'#3\' at Mar 28, 2019, 10:19 AM', 'published', 1, NULL, '2019-03-28 10:19:43', '2019-03-28 10:19:43', 0, 1),
(19, 'SilverStripe\\Versioned\\ChangeSet', '2019-03-28 10:19:52', '2019-03-28 10:19:52', 'Generated by publish of \'#4\' at Mar 28, 2019, 10:19 AM', 'published', 1, NULL, '2019-03-28 10:19:52', '2019-03-28 10:19:52', 0, 1),
(20, 'SilverStripe\\Versioned\\ChangeSet', '2019-03-29 19:32:36', '2019-03-29 19:32:36', 'Generated by publish of \'#2\' at Mar 29, 2019, 7:32 PM', 'published', 1, NULL, '2019-03-29 19:32:36', '2019-03-29 19:32:36', 0, 1),
(21, 'SilverStripe\\Versioned\\ChangeSet', '2019-03-29 19:33:00', '2019-03-29 19:33:00', 'Generated by publish of \'#3\' at Mar 29, 2019, 7:33 PM', 'published', 1, NULL, '2019-03-29 19:33:00', '2019-03-29 19:33:00', 0, 1),
(22, 'SilverStripe\\Versioned\\ChangeSet', '2019-03-29 19:33:16', '2019-03-29 19:33:15', 'Generated by publish of \'#4\' at Mar 29, 2019, 7:33 PM', 'published', 1, NULL, '2019-03-29 19:33:16', '2019-03-29 19:33:16', 0, 1),
(23, 'SilverStripe\\Versioned\\ChangeSet', '2019-03-29 19:33:24', '2019-03-29 19:33:24', 'Generated by publish of \'#4\' at Mar 29, 2019, 7:33 PM', 'published', 1, NULL, '2019-03-29 19:33:24', '2019-03-29 19:33:24', 0, 1);

-- --------------------------------------------------------

--
-- Table structure for table `ChangeSetItem`
--

CREATE TABLE `ChangeSetItem` (
  `ID` int(11) NOT NULL,
  `ClassName` enum('SilverStripe\\Versioned\\ChangeSetItem') DEFAULT 'SilverStripe\\Versioned\\ChangeSetItem',
  `LastEdited` datetime DEFAULT NULL,
  `Created` datetime DEFAULT NULL,
  `VersionBefore` int(11) NOT NULL DEFAULT '0',
  `VersionAfter` int(11) NOT NULL DEFAULT '0',
  `Added` enum('explicitly','implicitly') DEFAULT 'implicitly',
  `ChangeSetID` int(11) NOT NULL DEFAULT '0',
  `ObjectID` int(11) NOT NULL DEFAULT '0',
  `ObjectClass` enum('Slide','SilverStripe\\Assets\\File','SilverStripe\\SiteConfig\\SiteConfig','SilverStripe\\Versioned\\ChangeSet','SilverStripe\\Versioned\\ChangeSetItem','SilverStripe\\Assets\\Shortcodes\\FileLink','SilverStripe\\CMS\\Model\\SiteTree','SilverStripe\\CMS\\Model\\SiteTreeLink','SilverStripe\\Security\\Group','SilverStripe\\Security\\LoginAttempt','SilverStripe\\Security\\Member','SilverStripe\\Security\\MemberPassword','SilverStripe\\Security\\Permission','SilverStripe\\Security\\PermissionRole','SilverStripe\\Security\\PermissionRoleCode','SilverStripe\\Security\\RememberLoginHash','SilverStripe\\Assets\\Folder','SilverStripe\\Assets\\Image','Page','HomePage','SilverStripe\\ErrorPage\\ErrorPage','SilverStripe\\CMS\\Model\\RedirectorPage','SilverStripe\\CMS\\Model\\VirtualPage') DEFAULT 'Slide'
) ENGINE=InnoDB DEFAULT CHARSET=utf8;

--
-- Dumping data for table `ChangeSetItem`
--

INSERT INTO `ChangeSetItem` (`ID`, `ClassName`, `LastEdited`, `Created`, `VersionBefore`, `VersionAfter`, `Added`, `ChangeSetID`, `ObjectID`, `ObjectClass`) VALUES
(1, 'SilverStripe\\Versioned\\ChangeSetItem', '2019-03-26 14:24:55', '2019-03-26 14:24:55', 0, 0, 'explicitly', 1, 1, 'SilverStripe\\SiteConfig\\SiteConfig'),
(2, 'SilverStripe\\Versioned\\ChangeSetItem', '2019-03-26 14:29:18', '2019-03-26 14:29:18', 0, 0, 'explicitly', 2, 1, 'SilverStripe\\SiteConfig\\SiteConfig'),
(3, 'SilverStripe\\Versioned\\ChangeSetItem', '2019-03-26 14:50:15', '2019-03-26 14:50:15', 2, 4, 'explicitly', 3, 1, 'SilverStripe\\CMS\\Model\\SiteTree'),
(4, 'SilverStripe\\Versioned\\ChangeSetItem', '2019-03-28 01:38:04', '2019-03-28 01:38:04', 2, 4, 'explicitly', 4, 2, 'SilverStripe\\CMS\\Model\\SiteTree'),
(5, 'SilverStripe\\Versioned\\ChangeSetItem', '2019-03-28 01:38:35', '2019-03-28 01:38:34', 2, 4, 'explicitly', 5, 3, 'SilverStripe\\CMS\\Model\\SiteTree'),
(6, 'SilverStripe\\Versioned\\ChangeSetItem', '2019-03-28 02:42:09', '2019-03-28 02:42:08', 4, 6, 'explicitly', 6, 1, 'SilverStripe\\CMS\\Model\\SiteTree'),
(7, 'SilverStripe\\Versioned\\ChangeSetItem', '2019-03-28 02:46:13', '2019-03-28 02:46:13', 6, 8, 'explicitly', 7, 1, 'SilverStripe\\CMS\\Model\\SiteTree'),
(8, 'SilverStripe\\Versioned\\ChangeSetItem', '2019-03-28 04:44:37', '2019-03-28 04:44:37', 8, 10, 'explicitly', 8, 1, 'SilverStripe\\CMS\\Model\\SiteTree'),
(9, 'SilverStripe\\Versioned\\ChangeSetItem', '2019-03-28 04:49:18', '2019-03-28 04:49:17', 10, 12, 'explicitly', 9, 1, 'SilverStripe\\CMS\\Model\\SiteTree'),
(10, 'SilverStripe\\Versioned\\ChangeSetItem', '2019-03-28 04:52:55', '2019-03-28 04:52:55', 12, 12, 'explicitly', 10, 1, 'SilverStripe\\CMS\\Model\\SiteTree'),
(11, 'SilverStripe\\Versioned\\ChangeSetItem', '2019-03-28 04:52:55', '2019-03-28 04:52:55', 0, 2, 'implicitly', 10, 2, 'SilverStripe\\Assets\\File'),
(12, 'SilverStripe\\Versioned\\ChangeSetItem', '2019-03-28 07:24:22', '2019-03-28 07:24:22', 0, 0, 'explicitly', 11, 1, 'Slide'),
(13, 'SilverStripe\\Versioned\\ChangeSetItem', '2019-03-28 07:57:13', '2019-03-28 07:57:12', 0, 0, 'explicitly', 12, 2, 'Slide'),
(14, 'SilverStripe\\Versioned\\ChangeSetItem', '2019-03-28 07:57:23', '2019-03-28 07:57:23', 0, 0, 'explicitly', 13, 2, 'Slide'),
(15, 'SilverStripe\\Versioned\\ChangeSetItem', '2019-03-28 07:58:18', '2019-03-28 07:58:18', 0, 0, 'explicitly', 14, 3, 'Slide'),
(16, 'SilverStripe\\Versioned\\ChangeSetItem', '2019-03-28 07:58:48', '2019-03-28 07:58:48', 0, 0, 'explicitly', 15, 4, 'Slide'),
(17, 'SilverStripe\\Versioned\\ChangeSetItem', '2019-03-28 07:58:59', '2019-03-28 07:58:59', 12, 12, 'explicitly', 16, 1, 'SilverStripe\\CMS\\Model\\SiteTree'),
(18, 'SilverStripe\\Versioned\\ChangeSetItem', '2019-03-28 07:58:59', '2019-03-28 07:58:59', 2, 2, 'implicitly', 16, 2, 'SilverStripe\\Assets\\File'),
(19, 'SilverStripe\\Versioned\\ChangeSetItem', '2019-03-28 09:25:10', '2019-03-28 09:25:10', 0, 0, 'explicitly', 17, 2, 'Slide'),
(20, 'SilverStripe\\Versioned\\ChangeSetItem', '2019-03-28 09:25:10', '2019-03-28 09:25:10', 0, 2, 'implicitly', 17, 6, 'SilverStripe\\Assets\\File'),
(21, 'SilverStripe\\Versioned\\ChangeSetItem', '2019-03-28 10:19:43', '2019-03-28 10:19:42', 0, 0, 'explicitly', 18, 3, 'Slide'),
(22, 'SilverStripe\\Versioned\\ChangeSetItem', '2019-03-28 10:19:43', '2019-03-28 10:19:43', 0, 2, 'implicitly', 18, 7, 'SilverStripe\\Assets\\File'),
(23, 'SilverStripe\\Versioned\\ChangeSetItem', '2019-03-28 10:19:52', '2019-03-28 10:19:52', 0, 0, 'explicitly', 19, 4, 'Slide'),
(24, 'SilverStripe\\Versioned\\ChangeSetItem', '2019-03-28 10:19:52', '2019-03-28 10:19:52', 0, 2, 'implicitly', 19, 8, 'SilverStripe\\Assets\\File'),
(25, 'SilverStripe\\Versioned\\ChangeSetItem', '2019-03-29 19:32:36', '2019-03-29 19:32:36', 0, 0, 'explicitly', 20, 2, 'Slide'),
(26, 'SilverStripe\\Versioned\\ChangeSetItem', '2019-03-29 19:32:36', '2019-03-29 19:32:36', 0, 2, 'implicitly', 20, 9, 'SilverStripe\\Assets\\File'),
(27, 'SilverStripe\\Versioned\\ChangeSetItem', '2019-03-29 19:33:00', '2019-03-29 19:33:00', 0, 0, 'explicitly', 21, 3, 'Slide'),
(28, 'SilverStripe\\Versioned\\ChangeSetItem', '2019-03-29 19:33:00', '2019-03-29 19:33:00', 0, 2, 'implicitly', 21, 11, 'SilverStripe\\Assets\\File'),
(29, 'SilverStripe\\Versioned\\ChangeSetItem', '2019-03-29 19:33:16', '2019-03-29 19:33:16', 0, 0, 'explicitly', 22, 4, 'Slide'),
(30, 'SilverStripe\\Versioned\\ChangeSetItem', '2019-03-29 19:33:16', '2019-03-29 19:33:16', 0, 2, 'implicitly', 22, 12, 'SilverStripe\\Assets\\File'),
(31, 'SilverStripe\\Versioned\\ChangeSetItem', '2019-03-29 19:33:24', '2019-03-29 19:33:24', 0, 0, 'explicitly', 23, 4, 'Slide'),
(32, 'SilverStripe\\Versioned\\ChangeSetItem', '2019-03-29 19:33:24', '2019-03-29 19:33:24', 0, 2, 'implicitly', 23, 13, 'SilverStripe\\Assets\\File');

-- --------------------------------------------------------

--
-- Table structure for table `ChangeSetItem_ReferencedBy`
--

CREATE TABLE `ChangeSetItem_ReferencedBy` (
  `ID` int(11) NOT NULL,
  `ChangeSetItemID` int(11) NOT NULL DEFAULT '0',
  `ChildID` int(11) NOT NULL DEFAULT '0'
) ENGINE=InnoDB DEFAULT CHARSET=utf8;

--
-- Dumping data for table `ChangeSetItem_ReferencedBy`
--

INSERT INTO `ChangeSetItem_ReferencedBy` (`ID`, `ChangeSetItemID`, `ChildID`) VALUES
(1, 11, 10),
(2, 18, 17),
(3, 20, 19),
(4, 22, 21),
(5, 24, 23),
(6, 26, 25),
(7, 28, 27),
(8, 30, 29),
(9, 32, 31);

-- --------------------------------------------------------

--
-- Table structure for table `ErrorPage`
--

CREATE TABLE `ErrorPage` (
  `ID` int(11) NOT NULL,
  `ErrorCode` int(11) NOT NULL DEFAULT '0'
) ENGINE=InnoDB DEFAULT CHARSET=utf8;

--
-- Dumping data for table `ErrorPage`
--

INSERT INTO `ErrorPage` (`ID`, `ErrorCode`) VALUES
(4, 404),
(5, 500);

-- --------------------------------------------------------

--
-- Table structure for table `ErrorPage_Live`
--

CREATE TABLE `ErrorPage_Live` (
  `ID` int(11) NOT NULL,
  `ErrorCode` int(11) NOT NULL DEFAULT '0'
) ENGINE=InnoDB DEFAULT CHARSET=utf8;

--
-- Dumping data for table `ErrorPage_Live`
--

INSERT INTO `ErrorPage_Live` (`ID`, `ErrorCode`) VALUES
(4, 404),
(5, 500);

-- --------------------------------------------------------

--
-- Table structure for table `ErrorPage_Versions`
--

CREATE TABLE `ErrorPage_Versions` (
  `ID` int(11) NOT NULL,
  `RecordID` int(11) NOT NULL DEFAULT '0',
  `Version` int(11) NOT NULL DEFAULT '0',
  `ErrorCode` int(11) NOT NULL DEFAULT '0'
) ENGINE=InnoDB DEFAULT CHARSET=utf8;

--
-- Dumping data for table `ErrorPage_Versions`
--

INSERT INTO `ErrorPage_Versions` (`ID`, `RecordID`, `Version`, `ErrorCode`) VALUES
(1, 4, 1, 404),
(2, 4, 2, 404),
(3, 5, 1, 500),
(4, 5, 2, 500);

-- --------------------------------------------------------

--
-- Table structure for table `File`
--

CREATE TABLE `File` (
  `ID` int(11) NOT NULL,
  `ClassName` enum('SilverStripe\\Assets\\File','SilverStripe\\Assets\\Folder','SilverStripe\\Assets\\Image') DEFAULT 'SilverStripe\\Assets\\File',
  `LastEdited` datetime DEFAULT NULL,
  `Created` datetime DEFAULT NULL,
  `Version` int(11) NOT NULL DEFAULT '0',
  `CanViewType` enum('Anyone','LoggedInUsers','OnlyTheseUsers','Inherit') DEFAULT 'Inherit',
  `CanEditType` enum('LoggedInUsers','OnlyTheseUsers','Inherit') DEFAULT 'Inherit',
  `Name` varchar(255) DEFAULT NULL,
  `Title` varchar(255) DEFAULT NULL,
  `ShowInSearch` tinyint(1) UNSIGNED NOT NULL DEFAULT '1',
  `ParentID` int(11) NOT NULL DEFAULT '0',
  `OwnerID` int(11) NOT NULL DEFAULT '0',
  `FileHash` varchar(255) DEFAULT NULL,
  `FileFilename` varchar(255) DEFAULT NULL,
  `FileVariant` varchar(255) DEFAULT NULL
) ENGINE=InnoDB DEFAULT CHARSET=utf8;

--
-- Dumping data for table `File`
--

INSERT INTO `File` (`ID`, `ClassName`, `LastEdited`, `Created`, `Version`, `CanViewType`, `CanEditType`, `Name`, `Title`, `ShowInSearch`, `ParentID`, `OwnerID`, `FileHash`, `FileFilename`, `FileVariant`) VALUES
(1, 'SilverStripe\\Assets\\Folder', '2019-03-28 04:19:30', '2019-03-28 04:19:30', 2, 'Inherit', 'Inherit', 'photos', 'photos', 1, 0, 1, NULL, NULL, NULL),
(2, 'SilverStripe\\Assets\\Image', '2019-03-28 04:52:55', '2019-03-28 04:41:47', 2, 'Inherit', 'Inherit', 'Leaves.jpg', 'Leaves', 1, 1, 1, 'f88d7933f9863cf6822511c483fa917f778b11ff', 'photos/Leaves.jpg', NULL),
(3, 'SilverStripe\\Assets\\Image', '2019-03-28 04:42:31', '2019-03-28 04:42:31', 1, 'Inherit', 'Inherit', 'Leaves-v2.jpg', 'Leaves v2', 1, 1, 1, 'f88d7933f9863cf6822511c483fa917f778b11ff', 'photos/Leaves-v2.jpg', NULL),
(4, 'SilverStripe\\Assets\\Folder', '2019-03-28 07:31:22', '2019-03-28 07:31:22', 2, 'Inherit', 'Inherit', 'slider', 'slider', 1, 0, 1, NULL, NULL, NULL),
(5, 'SilverStripe\\Assets\\Folder', '2019-03-28 07:31:22', '2019-03-28 07:31:22', 2, 'Inherit', 'Inherit', 'photos', 'photos', 1, 4, 1, NULL, NULL, NULL),
(6, 'SilverStripe\\Assets\\Image', '2019-03-28 09:25:10', '2019-03-28 07:57:06', 2, 'Inherit', 'Inherit', '1.jpg', '1', 1, 5, 1, '6dafb11a71d42ad0d5a313afd57fa0a6559d4419', 'slider/photos/1.jpg', NULL),
(7, 'SilverStripe\\Assets\\Image', '2019-03-28 10:19:43', '2019-03-28 07:58:09', 2, 'Inherit', 'Inherit', '3.jpg', '3', 1, 5, 1, '46fc8bf3034d86dc1d948594976a81b73ce15bca', 'slider/photos/3.jpg', NULL),
(8, 'SilverStripe\\Assets\\Image', '2019-03-28 10:19:52', '2019-03-28 07:58:45', 2, 'Inherit', 'Inherit', '2.jpg', '2', 1, 5, 1, '02c23677d4ab3f6b6c783eea8df82a467e628b57', 'slider/photos/2.jpg', NULL),
(9, 'SilverStripe\\Assets\\Image', '2019-03-29 19:32:36', '2019-03-29 19:32:34', 2, 'Inherit', 'Inherit', '11.jpg', '11', 1, 5, 1, '18715db7bcf4a708967dca2d3838d874c254ae85', 'slider/photos/11.jpg', NULL),
(10, 'SilverStripe\\Assets\\Image', '2019-03-29 19:32:49', '2019-03-29 19:32:49', 1, 'Inherit', 'Inherit', '2-v2.jpg', '2 v2', 1, 5, 1, '02c23677d4ab3f6b6c783eea8df82a467e628b57', 'slider/photos/2-v2.jpg', NULL),
(11, 'SilverStripe\\Assets\\Image', '2019-03-29 19:33:00', '2019-03-29 19:32:58', 2, 'Inherit', 'Inherit', '31.jpg', '31', 1, 5, 1, '5f9938268390b35eb397e1ce22f050202b82b90f', 'slider/photos/31.jpg', NULL),
(12, 'SilverStripe\\Assets\\Image', '2019-03-29 19:33:16', '2019-03-29 19:33:14', 2, 'Inherit', 'Inherit', '2-v3.jpg', '2 v3', 1, 5, 1, '02c23677d4ab3f6b6c783eea8df82a467e628b57', 'slider/photos/2-v3.jpg', NULL),
(13, 'SilverStripe\\Assets\\Image', '2019-03-29 19:33:24', '2019-03-29 19:33:23', 2, 'Inherit', 'Inherit', '21.jpg', '21', 1, 5, 1, 'd82d2d3e4f7beee0d64923f5b1d8ba6057533f10', 'slider/photos/21.jpg', NULL);

-- --------------------------------------------------------

--
-- Table structure for table `FileLink`
--

CREATE TABLE `FileLink` (
  `ID` int(11) NOT NULL,
  `ClassName` enum('SilverStripe\\Assets\\Shortcodes\\FileLink') DEFAULT 'SilverStripe\\Assets\\Shortcodes\\FileLink',
  `LastEdited` datetime DEFAULT NULL,
  `Created` datetime DEFAULT NULL,
  `LinkedID` int(11) NOT NULL DEFAULT '0',
  `ParentID` int(11) NOT NULL DEFAULT '0',
  `ParentClass` enum('Slide','SilverStripe\\Assets\\File','SilverStripe\\SiteConfig\\SiteConfig','SilverStripe\\Versioned\\ChangeSet','SilverStripe\\Versioned\\ChangeSetItem','SilverStripe\\Assets\\Shortcodes\\FileLink','SilverStripe\\CMS\\Model\\SiteTree','SilverStripe\\CMS\\Model\\SiteTreeLink','SilverStripe\\Security\\Group','SilverStripe\\Security\\LoginAttempt','SilverStripe\\Security\\Member','SilverStripe\\Security\\MemberPassword','SilverStripe\\Security\\Permission','SilverStripe\\Security\\PermissionRole','SilverStripe\\Security\\PermissionRoleCode','SilverStripe\\Security\\RememberLoginHash','SilverStripe\\Assets\\Folder','SilverStripe\\Assets\\Image','Page','HomePage','SilverStripe\\ErrorPage\\ErrorPage','SilverStripe\\CMS\\Model\\RedirectorPage','SilverStripe\\CMS\\Model\\VirtualPage') DEFAULT 'Slide'
) ENGINE=InnoDB DEFAULT CHARSET=utf8;

-- --------------------------------------------------------

--
-- Table structure for table `File_EditorGroups`
--

CREATE TABLE `File_EditorGroups` (
  `ID` int(11) NOT NULL,
  `FileID` int(11) NOT NULL DEFAULT '0',
  `GroupID` int(11) NOT NULL DEFAULT '0'
) ENGINE=InnoDB DEFAULT CHARSET=utf8;

-- --------------------------------------------------------

--
-- Table structure for table `File_Live`
--

CREATE TABLE `File_Live` (
  `ID` int(11) NOT NULL,
  `ClassName` enum('SilverStripe\\Assets\\File','SilverStripe\\Assets\\Folder','SilverStripe\\Assets\\Image') DEFAULT 'SilverStripe\\Assets\\File',
  `LastEdited` datetime DEFAULT NULL,
  `Created` datetime DEFAULT NULL,
  `Version` int(11) NOT NULL DEFAULT '0',
  `CanViewType` enum('Anyone','LoggedInUsers','OnlyTheseUsers','Inherit') DEFAULT 'Inherit',
  `CanEditType` enum('LoggedInUsers','OnlyTheseUsers','Inherit') DEFAULT 'Inherit',
  `Name` varchar(255) DEFAULT NULL,
  `Title` varchar(255) DEFAULT NULL,
  `ShowInSearch` tinyint(1) UNSIGNED NOT NULL DEFAULT '1',
  `ParentID` int(11) NOT NULL DEFAULT '0',
  `OwnerID` int(11) NOT NULL DEFAULT '0',
  `FileHash` varchar(255) DEFAULT NULL,
  `FileFilename` varchar(255) DEFAULT NULL,
  `FileVariant` varchar(255) DEFAULT NULL
) ENGINE=InnoDB DEFAULT CHARSET=utf8;

--
-- Dumping data for table `File_Live`
--

INSERT INTO `File_Live` (`ID`, `ClassName`, `LastEdited`, `Created`, `Version`, `CanViewType`, `CanEditType`, `Name`, `Title`, `ShowInSearch`, `ParentID`, `OwnerID`, `FileHash`, `FileFilename`, `FileVariant`) VALUES
(1, 'SilverStripe\\Assets\\Folder', '2019-03-28 04:19:30', '2019-03-28 04:19:30', 2, 'Inherit', 'Inherit', 'photos', 'photos', 1, 0, 1, NULL, NULL, NULL),
(2, 'SilverStripe\\Assets\\Image', '2019-03-28 04:52:55', '2019-03-28 04:41:47', 2, 'Inherit', 'Inherit', 'Leaves.jpg', 'Leaves', 1, 1, 1, 'f88d7933f9863cf6822511c483fa917f778b11ff', 'photos/Leaves.jpg', NULL),
(4, 'SilverStripe\\Assets\\Folder', '2019-03-28 07:31:22', '2019-03-28 07:31:22', 2, 'Inherit', 'Inherit', 'slider', 'slider', 1, 0, 1, NULL, NULL, NULL),
(5, 'SilverStripe\\Assets\\Folder', '2019-03-28 07:31:22', '2019-03-28 07:31:22', 2, 'Inherit', 'Inherit', 'photos', 'photos', 1, 4, 1, NULL, NULL, NULL),
(6, 'SilverStripe\\Assets\\Image', '2019-03-28 09:25:10', '2019-03-28 07:57:06', 2, 'Inherit', 'Inherit', '1.jpg', '1', 1, 5, 1, '6dafb11a71d42ad0d5a313afd57fa0a6559d4419', 'slider/photos/1.jpg', NULL),
(7, 'SilverStripe\\Assets\\Image', '2019-03-28 10:19:43', '2019-03-28 07:58:09', 2, 'Inherit', 'Inherit', '3.jpg', '3', 1, 5, 1, '46fc8bf3034d86dc1d948594976a81b73ce15bca', 'slider/photos/3.jpg', NULL),
(8, 'SilverStripe\\Assets\\Image', '2019-03-28 10:19:52', '2019-03-28 07:58:45', 2, 'Inherit', 'Inherit', '2.jpg', '2', 1, 5, 1, '02c23677d4ab3f6b6c783eea8df82a467e628b57', 'slider/photos/2.jpg', NULL),
(9, 'SilverStripe\\Assets\\Image', '2019-03-29 19:32:36', '2019-03-29 19:32:34', 2, 'Inherit', 'Inherit', '11.jpg', '11', 1, 5, 1, '18715db7bcf4a708967dca2d3838d874c254ae85', 'slider/photos/11.jpg', NULL),
(11, 'SilverStripe\\Assets\\Image', '2019-03-29 19:33:00', '2019-03-29 19:32:58', 2, 'Inherit', 'Inherit', '31.jpg', '31', 1, 5, 1, '5f9938268390b35eb397e1ce22f050202b82b90f', 'slider/photos/31.jpg', NULL),
(12, 'SilverStripe\\Assets\\Image', '2019-03-29 19:33:16', '2019-03-29 19:33:14', 2, 'Inherit', 'Inherit', '2-v3.jpg', '2 v3', 1, 5, 1, '02c23677d4ab3f6b6c783eea8df82a467e628b57', 'slider/photos/2-v3.jpg', NULL),
(13, 'SilverStripe\\Assets\\Image', '2019-03-29 19:33:24', '2019-03-29 19:33:23', 2, 'Inherit', 'Inherit', '21.jpg', '21', 1, 5, 1, 'd82d2d3e4f7beee0d64923f5b1d8ba6057533f10', 'slider/photos/21.jpg', NULL);

-- --------------------------------------------------------

--
-- Table structure for table `File_Versions`
--

CREATE TABLE `File_Versions` (
  `ID` int(11) NOT NULL,
  `RecordID` int(11) NOT NULL DEFAULT '0',
  `Version` int(11) NOT NULL DEFAULT '0',
  `WasPublished` tinyint(1) UNSIGNED NOT NULL DEFAULT '0',
  `WasDeleted` tinyint(1) UNSIGNED NOT NULL DEFAULT '0',
  `WasDraft` tinyint(1) UNSIGNED NOT NULL DEFAULT '0',
  `AuthorID` int(11) NOT NULL DEFAULT '0',
  `PublisherID` int(11) NOT NULL DEFAULT '0',
  `ClassName` enum('SilverStripe\\Assets\\File','SilverStripe\\Assets\\Folder','SilverStripe\\Assets\\Image') DEFAULT 'SilverStripe\\Assets\\File',
  `LastEdited` datetime DEFAULT NULL,
  `Created` datetime DEFAULT NULL,
  `CanViewType` enum('Anyone','LoggedInUsers','OnlyTheseUsers','Inherit') DEFAULT 'Inherit',
  `CanEditType` enum('LoggedInUsers','OnlyTheseUsers','Inherit') DEFAULT 'Inherit',
  `Name` varchar(255) DEFAULT NULL,
  `Title` varchar(255) DEFAULT NULL,
  `ShowInSearch` tinyint(1) UNSIGNED NOT NULL DEFAULT '1',
  `ParentID` int(11) NOT NULL DEFAULT '0',
  `OwnerID` int(11) NOT NULL DEFAULT '0',
  `FileHash` varchar(255) DEFAULT NULL,
  `FileFilename` varchar(255) DEFAULT NULL,
  `FileVariant` varchar(255) DEFAULT NULL
) ENGINE=InnoDB DEFAULT CHARSET=utf8;

--
-- Dumping data for table `File_Versions`
--

INSERT INTO `File_Versions` (`ID`, `RecordID`, `Version`, `WasPublished`, `WasDeleted`, `WasDraft`, `AuthorID`, `PublisherID`, `ClassName`, `LastEdited`, `Created`, `CanViewType`, `CanEditType`, `Name`, `Title`, `ShowInSearch`, `ParentID`, `OwnerID`, `FileHash`, `FileFilename`, `FileVariant`) VALUES
(1, 1, 1, 0, 0, 1, 1, 0, 'SilverStripe\\Assets\\Folder', '2019-03-28 04:19:30', '2019-03-28 04:19:30', 'Inherit', 'Inherit', 'photos', 'photos', 1, 0, 1, NULL, NULL, NULL),
(2, 1, 2, 1, 0, 1, 1, 1, 'SilverStripe\\Assets\\Folder', '2019-03-28 04:19:30', '2019-03-28 04:19:30', 'Inherit', 'Inherit', 'photos', 'photos', 1, 0, 1, NULL, NULL, NULL),
(3, 2, 1, 0, 0, 1, 1, 0, 'SilverStripe\\Assets\\Image', '2019-03-28 04:41:47', '2019-03-28 04:41:47', 'Inherit', 'Inherit', 'Leaves.jpg', 'Leaves', 1, 1, 1, 'f88d7933f9863cf6822511c483fa917f778b11ff', 'photos/Leaves.jpg', NULL),
(4, 3, 1, 0, 0, 1, 1, 0, 'SilverStripe\\Assets\\Image', '2019-03-28 04:42:31', '2019-03-28 04:42:31', 'Inherit', 'Inherit', 'Leaves-v2.jpg', 'Leaves v2', 1, 1, 1, 'f88d7933f9863cf6822511c483fa917f778b11ff', 'photos/Leaves-v2.jpg', NULL),
(5, 2, 2, 1, 0, 1, 1, 1, 'SilverStripe\\Assets\\Image', '2019-03-28 04:52:55', '2019-03-28 04:41:47', 'Inherit', 'Inherit', 'Leaves.jpg', 'Leaves', 1, 1, 1, 'f88d7933f9863cf6822511c483fa917f778b11ff', 'photos/Leaves.jpg', NULL),
(6, 4, 1, 0, 0, 1, 1, 0, 'SilverStripe\\Assets\\Folder', '2019-03-28 07:31:22', '2019-03-28 07:31:22', 'Inherit', 'Inherit', 'slider', 'slider', 1, 0, 1, NULL, NULL, NULL),
(7, 4, 2, 1, 0, 1, 1, 1, 'SilverStripe\\Assets\\Folder', '2019-03-28 07:31:22', '2019-03-28 07:31:22', 'Inherit', 'Inherit', 'slider', 'slider', 1, 0, 1, NULL, NULL, NULL),
(8, 5, 1, 0, 0, 1, 1, 0, 'SilverStripe\\Assets\\Folder', '2019-03-28 07:31:22', '2019-03-28 07:31:22', 'Inherit', 'Inherit', 'photos', 'photos', 1, 4, 1, NULL, NULL, NULL),
(9, 5, 2, 1, 0, 1, 1, 1, 'SilverStripe\\Assets\\Folder', '2019-03-28 07:31:22', '2019-03-28 07:31:22', 'Inherit', 'Inherit', 'photos', 'photos', 1, 4, 1, NULL, NULL, NULL),
(10, 6, 1, 0, 0, 1, 1, 0, 'SilverStripe\\Assets\\Image', '2019-03-28 07:57:06', '2019-03-28 07:57:06', 'Inherit', 'Inherit', '1.jpg', '1', 1, 5, 1, '6dafb11a71d42ad0d5a313afd57fa0a6559d4419', 'slider/photos/1.jpg', NULL),
(11, 7, 1, 0, 0, 1, 1, 0, 'SilverStripe\\Assets\\Image', '2019-03-28 07:58:09', '2019-03-28 07:58:09', 'Inherit', 'Inherit', '3.jpg', '3', 1, 5, 1, '46fc8bf3034d86dc1d948594976a81b73ce15bca', 'slider/photos/3.jpg', NULL),
(12, 8, 1, 0, 0, 1, 1, 0, 'SilverStripe\\Assets\\Image', '2019-03-28 07:58:45', '2019-03-28 07:58:45', 'Inherit', 'Inherit', '2.jpg', '2', 1, 5, 1, '02c23677d4ab3f6b6c783eea8df82a467e628b57', 'slider/photos/2.jpg', NULL),
(13, 6, 2, 1, 0, 1, 1, 1, 'SilverStripe\\Assets\\Image', '2019-03-28 09:25:10', '2019-03-28 07:57:06', 'Inherit', 'Inherit', '1.jpg', '1', 1, 5, 1, '6dafb11a71d42ad0d5a313afd57fa0a6559d4419', 'slider/photos/1.jpg', NULL),
(14, 7, 2, 1, 0, 1, 1, 1, 'SilverStripe\\Assets\\Image', '2019-03-28 10:19:43', '2019-03-28 07:58:09', 'Inherit', 'Inherit', '3.jpg', '3', 1, 5, 1, '46fc8bf3034d86dc1d948594976a81b73ce15bca', 'slider/photos/3.jpg', NULL),
(15, 8, 2, 1, 0, 1, 1, 1, 'SilverStripe\\Assets\\Image', '2019-03-28 10:19:52', '2019-03-28 07:58:45', 'Inherit', 'Inherit', '2.jpg', '2', 1, 5, 1, '02c23677d4ab3f6b6c783eea8df82a467e628b57', 'slider/photos/2.jpg', NULL),
(16, 9, 1, 0, 0, 1, 1, 0, 'SilverStripe\\Assets\\Image', '2019-03-29 19:32:34', '2019-03-29 19:32:34', 'Inherit', 'Inherit', '11.jpg', '11', 1, 5, 1, '18715db7bcf4a708967dca2d3838d874c254ae85', 'slider/photos/11.jpg', NULL),
(17, 9, 2, 1, 0, 1, 1, 1, 'SilverStripe\\Assets\\Image', '2019-03-29 19:32:36', '2019-03-29 19:32:34', 'Inherit', 'Inherit', '11.jpg', '11', 1, 5, 1, '18715db7bcf4a708967dca2d3838d874c254ae85', 'slider/photos/11.jpg', NULL),
(18, 10, 1, 0, 0, 1, 1, 0, 'SilverStripe\\Assets\\Image', '2019-03-29 19:32:49', '2019-03-29 19:32:49', 'Inherit', 'Inherit', '2-v2.jpg', '2 v2', 1, 5, 1, '02c23677d4ab3f6b6c783eea8df82a467e628b57', 'slider/photos/2-v2.jpg', NULL),
(19, 11, 1, 0, 0, 1, 1, 0, 'SilverStripe\\Assets\\Image', '2019-03-29 19:32:58', '2019-03-29 19:32:58', 'Inherit', 'Inherit', '31.jpg', '31', 1, 5, 1, '5f9938268390b35eb397e1ce22f050202b82b90f', 'slider/photos/31.jpg', NULL),
(20, 11, 2, 1, 0, 1, 1, 1, 'SilverStripe\\Assets\\Image', '2019-03-29 19:33:00', '2019-03-29 19:32:58', 'Inherit', 'Inherit', '31.jpg', '31', 1, 5, 1, '5f9938268390b35eb397e1ce22f050202b82b90f', 'slider/photos/31.jpg', NULL),
(21, 12, 1, 0, 0, 1, 1, 0, 'SilverStripe\\Assets\\Image', '2019-03-29 19:33:14', '2019-03-29 19:33:14', 'Inherit', 'Inherit', '2-v3.jpg', '2 v3', 1, 5, 1, '02c23677d4ab3f6b6c783eea8df82a467e628b57', 'slider/photos/2-v3.jpg', NULL),
(22, 12, 2, 1, 0, 1, 1, 1, 'SilverStripe\\Assets\\Image', '2019-03-29 19:33:16', '2019-03-29 19:33:14', 'Inherit', 'Inherit', '2-v3.jpg', '2 v3', 1, 5, 1, '02c23677d4ab3f6b6c783eea8df82a467e628b57', 'slider/photos/2-v3.jpg', NULL),
(23, 13, 1, 0, 0, 1, 1, 0, 'SilverStripe\\Assets\\Image', '2019-03-29 19:33:23', '2019-03-29 19:33:23', 'Inherit', 'Inherit', '21.jpg', '21', 1, 5, 1, 'd82d2d3e4f7beee0d64923f5b1d8ba6057533f10', 'slider/photos/21.jpg', NULL),
(24, 13, 2, 1, 0, 1, 1, 1, 'SilverStripe\\Assets\\Image', '2019-03-29 19:33:24', '2019-03-29 19:33:23', 'Inherit', 'Inherit', '21.jpg', '21', 1, 5, 1, 'd82d2d3e4f7beee0d64923f5b1d8ba6057533f10', 'slider/photos/21.jpg', NULL);

-- --------------------------------------------------------

--
-- Table structure for table `File_ViewerGroups`
--

CREATE TABLE `File_ViewerGroups` (
  `ID` int(11) NOT NULL,
  `FileID` int(11) NOT NULL DEFAULT '0',
  `GroupID` int(11) NOT NULL DEFAULT '0'
) ENGINE=InnoDB DEFAULT CHARSET=utf8;

-- --------------------------------------------------------

--
-- Table structure for table `Group`
--

CREATE TABLE `Group` (
  `ID` int(11) NOT NULL,
  `ClassName` enum('SilverStripe\\Security\\Group') DEFAULT 'SilverStripe\\Security\\Group',
  `LastEdited` datetime DEFAULT NULL,
  `Created` datetime DEFAULT NULL,
  `Title` varchar(255) DEFAULT NULL,
  `Description` mediumtext,
  `Code` varchar(255) DEFAULT NULL,
  `Locked` tinyint(1) UNSIGNED NOT NULL DEFAULT '0',
  `Sort` int(11) NOT NULL DEFAULT '0',
  `HtmlEditorConfig` mediumtext,
  `ParentID` int(11) NOT NULL DEFAULT '0'
) ENGINE=InnoDB DEFAULT CHARSET=utf8;

--
-- Dumping data for table `Group`
--

INSERT INTO `Group` (`ID`, `ClassName`, `LastEdited`, `Created`, `Title`, `Description`, `Code`, `Locked`, `Sort`, `HtmlEditorConfig`, `ParentID`) VALUES
(1, 'SilverStripe\\Security\\Group', '2019-03-26 14:06:42', '2019-03-26 14:06:42', 'Content Authors', NULL, 'content-authors', 0, 1, NULL, 0),
(2, 'SilverStripe\\Security\\Group', '2019-03-26 14:06:42', '2019-03-26 14:06:42', 'Administrators', NULL, 'administrators', 0, 0, NULL, 0);

-- --------------------------------------------------------

--
-- Table structure for table `Group_Members`
--

CREATE TABLE `Group_Members` (
  `ID` int(11) NOT NULL,
  `GroupID` int(11) NOT NULL DEFAULT '0',
  `MemberID` int(11) NOT NULL DEFAULT '0'
) ENGINE=InnoDB DEFAULT CHARSET=utf8;

--
-- Dumping data for table `Group_Members`
--

INSERT INTO `Group_Members` (`ID`, `GroupID`, `MemberID`) VALUES
(1, 2, 1);

-- --------------------------------------------------------

--
-- Table structure for table `Group_Roles`
--

CREATE TABLE `Group_Roles` (
  `ID` int(11) NOT NULL,
  `GroupID` int(11) NOT NULL DEFAULT '0',
  `PermissionRoleID` int(11) NOT NULL DEFAULT '0'
) ENGINE=InnoDB DEFAULT CHARSET=utf8;

-- --------------------------------------------------------

--
-- Table structure for table `HeroSlide`
--

CREATE TABLE `HeroSlide` (
  `ID` int(11) NOT NULL,
  `ClassName` enum('HeroSlide') DEFAULT 'HeroSlide',
  `LastEdited` datetime DEFAULT NULL,
  `Created` datetime DEFAULT NULL,
  `Caption` mediumtext,
  `PhotoID` int(11) NOT NULL DEFAULT '0'
) ENGINE=InnoDB DEFAULT CHARSET=utf8;

-- --------------------------------------------------------

--
-- Table structure for table `HomePage`
--

CREATE TABLE `HomePage` (
  `ID` int(11) NOT NULL,
  `Subtitle` mediumtext,
  `PhotoID` int(11) NOT NULL DEFAULT '0'
) ENGINE=InnoDB DEFAULT CHARSET=utf8;

--
-- Dumping data for table `HomePage`
--

INSERT INTO `HomePage` (`ID`, `Subtitle`, `PhotoID`) VALUES
(1, 'Zubair\'s SilverStripe Demo', 2);

-- --------------------------------------------------------

--
-- Table structure for table `HomePage_Live`
--

CREATE TABLE `HomePage_Live` (
  `ID` int(11) NOT NULL,
  `Subtitle` mediumtext,
  `PhotoID` int(11) NOT NULL DEFAULT '0'
) ENGINE=InnoDB DEFAULT CHARSET=utf8;

--
-- Dumping data for table `HomePage_Live`
--

INSERT INTO `HomePage_Live` (`ID`, `Subtitle`, `PhotoID`) VALUES
(1, 'Zubair\'s SilverStripe Demo', 2);

-- --------------------------------------------------------

--
-- Table structure for table `HomePage_Versions`
--

CREATE TABLE `HomePage_Versions` (
  `ID` int(11) NOT NULL,
  `RecordID` int(11) NOT NULL DEFAULT '0',
  `Version` int(11) NOT NULL DEFAULT '0',
  `Subtitle` mediumtext,
  `PhotoID` int(11) NOT NULL DEFAULT '0'
) ENGINE=InnoDB DEFAULT CHARSET=utf8;

--
-- Dumping data for table `HomePage_Versions`
--

INSERT INTO `HomePage_Versions` (`ID`, `RecordID`, `Version`, `Subtitle`, `PhotoID`) VALUES
(1, 1, 5, 'Zubair\'s SilverStripe Demo', 0),
(2, 1, 6, 'Zubair\'s SilverStripe Demo', 0),
(3, 1, 7, 'Zubair\'s SilverStripe Demo', 0),
(4, 1, 8, 'Zubair\'s SilverStripe Demo', 0),
(5, 1, 9, 'Zubair\'s SilverStripe Demo', 3),
(6, 1, 10, 'Zubair\'s SilverStripe Demo', 3),
(7, 1, 11, 'Zubair\'s SilverStripe Demo', 2),
(8, 1, 12, 'Zubair\'s SilverStripe Demo', 2);

-- --------------------------------------------------------

--
-- Table structure for table `LoginAttempt`
--

CREATE TABLE `LoginAttempt` (
  `ID` int(11) NOT NULL,
  `ClassName` enum('SilverStripe\\Security\\LoginAttempt') DEFAULT 'SilverStripe\\Security\\LoginAttempt',
  `LastEdited` datetime DEFAULT NULL,
  `Created` datetime DEFAULT NULL,
  `Email` varchar(255) DEFAULT NULL,
  `EmailHashed` varchar(255) DEFAULT NULL,
  `Status` enum('Success','Failure') DEFAULT 'Success',
  `IP` varchar(255) DEFAULT NULL,
  `MemberID` int(11) NOT NULL DEFAULT '0'
) ENGINE=InnoDB DEFAULT CHARSET=utf8;

--
-- Dumping data for table `LoginAttempt`
--

INSERT INTO `LoginAttempt` (`ID`, `ClassName`, `LastEdited`, `Created`, `Email`, `EmailHashed`, `Status`, `IP`, `MemberID`) VALUES
(1, 'SilverStripe\\Security\\LoginAttempt', '2019-03-26 14:06:57', '2019-03-26 14:06:57', NULL, '99f26e76e77a01b7f127a674d36c4285c9609eb5', 'Success', '127.0.0.1', 1);

-- --------------------------------------------------------

--
-- Table structure for table `Member`
--

CREATE TABLE `Member` (
  `ID` int(11) NOT NULL,
  `ClassName` enum('SilverStripe\\Security\\Member') DEFAULT 'SilverStripe\\Security\\Member',
  `LastEdited` datetime DEFAULT NULL,
  `Created` datetime DEFAULT NULL,
  `FirstName` varchar(255) DEFAULT NULL,
  `Surname` varchar(255) DEFAULT NULL,
  `Email` varchar(254) DEFAULT NULL,
  `TempIDHash` varchar(160) DEFAULT NULL,
  `TempIDExpired` datetime DEFAULT NULL,
  `Password` varchar(160) DEFAULT NULL,
  `AutoLoginHash` varchar(160) DEFAULT NULL,
  `AutoLoginExpired` datetime DEFAULT NULL,
  `PasswordEncryption` varchar(50) DEFAULT NULL,
  `Salt` varchar(50) DEFAULT NULL,
  `PasswordExpiry` date DEFAULT NULL,
  `LockedOutUntil` datetime DEFAULT NULL,
  `Locale` varchar(6) DEFAULT NULL,
  `FailedLoginCount` int(11) NOT NULL DEFAULT '0'
) ENGINE=InnoDB DEFAULT CHARSET=utf8;

--
-- Dumping data for table `Member`
--

INSERT INTO `Member` (`ID`, `ClassName`, `LastEdited`, `Created`, `FirstName`, `Surname`, `Email`, `TempIDHash`, `TempIDExpired`, `Password`, `AutoLoginHash`, `AutoLoginExpired`, `PasswordEncryption`, `Salt`, `PasswordExpiry`, `LockedOutUntil`, `Locale`, `FailedLoginCount`) VALUES
(1, 'SilverStripe\\Security\\Member', '2019-03-26 14:06:57', '2019-03-26 14:06:43', 'Default Admin', NULL, 'zabaziz@u.rochester.edu', '50c8f17983a1e60e306ebb24246dd466ade51c25', '2019-03-29 14:06:57', '$2y$10$7fdb2c4e6482add693425u5SXn4JrS.j1/Um9j0w8fH.9F56GwEZi', NULL, NULL, 'blowfish', '10$7fdb2c4e6482add6934251', NULL, NULL, 'en_US', 0);

-- --------------------------------------------------------

--
-- Table structure for table `MemberPassword`
--

CREATE TABLE `MemberPassword` (
  `ID` int(11) NOT NULL,
  `ClassName` enum('SilverStripe\\Security\\MemberPassword') DEFAULT 'SilverStripe\\Security\\MemberPassword',
  `LastEdited` datetime DEFAULT NULL,
  `Created` datetime DEFAULT NULL,
  `Password` varchar(160) DEFAULT NULL,
  `Salt` varchar(50) DEFAULT NULL,
  `PasswordEncryption` varchar(50) DEFAULT NULL,
  `MemberID` int(11) NOT NULL DEFAULT '0'
) ENGINE=InnoDB DEFAULT CHARSET=utf8;

--
-- Dumping data for table `MemberPassword`
--

INSERT INTO `MemberPassword` (`ID`, `ClassName`, `LastEdited`, `Created`, `Password`, `Salt`, `PasswordEncryption`, `MemberID`) VALUES
(1, 'SilverStripe\\Security\\MemberPassword', '2019-03-26 14:06:43', '2019-03-26 14:06:43', NULL, NULL, 'none', 1),
(2, 'SilverStripe\\Security\\MemberPassword', '2019-03-26 14:06:43', '2019-03-26 14:06:43', '$2y$10$7fdb2c4e6482add693425u5SXn4JrS.j1/Um9j0w8fH.9F56GwEZi', '10$7fdb2c4e6482add6934251', 'blowfish', 1);

-- --------------------------------------------------------

--
-- Table structure for table `Permission`
--

CREATE TABLE `Permission` (
  `ID` int(11) NOT NULL,
  `ClassName` enum('SilverStripe\\Security\\Permission') DEFAULT 'SilverStripe\\Security\\Permission',
  `LastEdited` datetime DEFAULT NULL,
  `Created` datetime DEFAULT NULL,
  `Code` varchar(255) DEFAULT NULL,
  `Arg` int(11) NOT NULL DEFAULT '0',
  `Type` int(11) NOT NULL DEFAULT '1',
  `GroupID` int(11) NOT NULL DEFAULT '0'
) ENGINE=InnoDB DEFAULT CHARSET=utf8;

--
-- Dumping data for table `Permission`
--

INSERT INTO `Permission` (`ID`, `ClassName`, `LastEdited`, `Created`, `Code`, `Arg`, `Type`, `GroupID`) VALUES
(1, 'SilverStripe\\Security\\Permission', '2019-03-26 14:06:42', '2019-03-26 14:06:42', 'CMS_ACCESS_CMSMain', 0, 1, 1),
(2, 'SilverStripe\\Security\\Permission', '2019-03-26 14:06:42', '2019-03-26 14:06:42', 'CMS_ACCESS_AssetAdmin', 0, 1, 1),
(3, 'SilverStripe\\Security\\Permission', '2019-03-26 14:06:42', '2019-03-26 14:06:42', 'CMS_ACCESS_ReportAdmin', 0, 1, 1),
(4, 'SilverStripe\\Security\\Permission', '2019-03-26 14:06:42', '2019-03-26 14:06:42', 'SITETREE_REORGANISE', 0, 1, 1),
(5, 'SilverStripe\\Security\\Permission', '2019-03-26 14:06:42', '2019-03-26 14:06:42', 'ADMIN', 0, 1, 2);

-- --------------------------------------------------------

--
-- Table structure for table `PermissionRole`
--

CREATE TABLE `PermissionRole` (
  `ID` int(11) NOT NULL,
  `ClassName` enum('SilverStripe\\Security\\PermissionRole') DEFAULT 'SilverStripe\\Security\\PermissionRole',
  `LastEdited` datetime DEFAULT NULL,
  `Created` datetime DEFAULT NULL,
  `Title` varchar(255) DEFAULT NULL,
  `OnlyAdminCanApply` tinyint(1) UNSIGNED NOT NULL DEFAULT '0'
) ENGINE=InnoDB DEFAULT CHARSET=utf8;

-- --------------------------------------------------------

--
-- Table structure for table `PermissionRoleCode`
--

CREATE TABLE `PermissionRoleCode` (
  `ID` int(11) NOT NULL,
  `ClassName` enum('SilverStripe\\Security\\PermissionRoleCode') DEFAULT 'SilverStripe\\Security\\PermissionRoleCode',
  `LastEdited` datetime DEFAULT NULL,
  `Created` datetime DEFAULT NULL,
  `Code` varchar(255) DEFAULT NULL,
  `RoleID` int(11) NOT NULL DEFAULT '0'
) ENGINE=InnoDB DEFAULT CHARSET=utf8;

-- --------------------------------------------------------

--
-- Table structure for table `RedirectorPage`
--

CREATE TABLE `RedirectorPage` (
  `ID` int(11) NOT NULL,
  `RedirectionType` enum('Internal','External') DEFAULT 'Internal',
  `ExternalURL` varchar(2083) DEFAULT NULL,
  `LinkToID` int(11) NOT NULL DEFAULT '0'
) ENGINE=InnoDB DEFAULT CHARSET=utf8;

-- --------------------------------------------------------

--
-- Table structure for table `RedirectorPage_Live`
--

CREATE TABLE `RedirectorPage_Live` (
  `ID` int(11) NOT NULL,
  `RedirectionType` enum('Internal','External') DEFAULT 'Internal',
  `ExternalURL` varchar(2083) DEFAULT NULL,
  `LinkToID` int(11) NOT NULL DEFAULT '0'
) ENGINE=InnoDB DEFAULT CHARSET=utf8;

-- --------------------------------------------------------

--
-- Table structure for table `RedirectorPage_Versions`
--

CREATE TABLE `RedirectorPage_Versions` (
  `ID` int(11) NOT NULL,
  `RecordID` int(11) NOT NULL DEFAULT '0',
  `Version` int(11) NOT NULL DEFAULT '0',
  `RedirectionType` enum('Internal','External') DEFAULT 'Internal',
  `ExternalURL` varchar(2083) DEFAULT NULL,
  `LinkToID` int(11) NOT NULL DEFAULT '0'
) ENGINE=InnoDB DEFAULT CHARSET=utf8;

-- --------------------------------------------------------

--
-- Table structure for table `RememberLoginHash`
--

CREATE TABLE `RememberLoginHash` (
  `ID` int(11) NOT NULL,
  `ClassName` enum('SilverStripe\\Security\\RememberLoginHash') DEFAULT 'SilverStripe\\Security\\RememberLoginHash',
  `LastEdited` datetime DEFAULT NULL,
  `Created` datetime DEFAULT NULL,
  `DeviceID` varchar(40) DEFAULT NULL,
  `Hash` varchar(160) DEFAULT NULL,
  `ExpiryDate` datetime DEFAULT NULL,
  `MemberID` int(11) NOT NULL DEFAULT '0'
) ENGINE=InnoDB DEFAULT CHARSET=utf8;

--
-- Dumping data for table `RememberLoginHash`
--

INSERT INTO `RememberLoginHash` (`ID`, `ClassName`, `LastEdited`, `Created`, `DeviceID`, `Hash`, `ExpiryDate`, `MemberID`) VALUES
(1, 'SilverStripe\\Security\\RememberLoginHash', '2019-03-31 18:14:10', '2019-03-26 14:06:57', '6556d2dc857dc91a641fee6fb52d44afa8d9444d', '$2y$10$7fdb2c4e6482add693425ubhCvZTlIi224F/d3JeN/Y3Ve6/fwgOK', '2019-06-24 14:06:57', 1);

-- --------------------------------------------------------

--
-- Table structure for table `SiteConfig`
--

CREATE TABLE `SiteConfig` (
  `ID` int(11) NOT NULL,
  `ClassName` enum('SilverStripe\\SiteConfig\\SiteConfig') DEFAULT 'SilverStripe\\SiteConfig\\SiteConfig',
  `LastEdited` datetime DEFAULT NULL,
  `Created` datetime DEFAULT NULL,
  `Title` varchar(255) DEFAULT NULL,
  `Tagline` varchar(255) DEFAULT NULL,
  `CanViewType` enum('Anyone','LoggedInUsers','OnlyTheseUsers') DEFAULT 'Anyone',
  `CanEditType` enum('LoggedInUsers','OnlyTheseUsers') DEFAULT 'LoggedInUsers',
  `CanCreateTopLevelType` enum('LoggedInUsers','OnlyTheseUsers') DEFAULT 'LoggedInUsers'
) ENGINE=InnoDB DEFAULT CHARSET=utf8;

--
-- Dumping data for table `SiteConfig`
--

INSERT INTO `SiteConfig` (`ID`, `ClassName`, `LastEdited`, `Created`, `Title`, `Tagline`, `CanViewType`, `CanEditType`, `CanCreateTopLevelType`) VALUES
(1, 'SilverStripe\\SiteConfig\\SiteConfig', '2019-03-26 14:24:55', '2019-03-26 14:06:42', 'SilverStripe Demo', 'My first SilverStripe site', 'Anyone', 'LoggedInUsers', 'LoggedInUsers');

-- --------------------------------------------------------

--
-- Table structure for table `SiteConfig_CreateTopLevelGroups`
--

CREATE TABLE `SiteConfig_CreateTopLevelGroups` (
  `ID` int(11) NOT NULL,
  `SiteConfigID` int(11) NOT NULL DEFAULT '0',
  `GroupID` int(11) NOT NULL DEFAULT '0'
) ENGINE=InnoDB DEFAULT CHARSET=utf8;

-- --------------------------------------------------------

--
-- Table structure for table `SiteConfig_EditorGroups`
--

CREATE TABLE `SiteConfig_EditorGroups` (
  `ID` int(11) NOT NULL,
  `SiteConfigID` int(11) NOT NULL DEFAULT '0',
  `GroupID` int(11) NOT NULL DEFAULT '0'
) ENGINE=InnoDB DEFAULT CHARSET=utf8;

-- --------------------------------------------------------

--
-- Table structure for table `SiteConfig_ViewerGroups`
--

CREATE TABLE `SiteConfig_ViewerGroups` (
  `ID` int(11) NOT NULL,
  `SiteConfigID` int(11) NOT NULL DEFAULT '0',
  `GroupID` int(11) NOT NULL DEFAULT '0'
) ENGINE=InnoDB DEFAULT CHARSET=utf8;

-- --------------------------------------------------------

--
-- Table structure for table `SiteTree`
--

CREATE TABLE `SiteTree` (
  `ID` int(11) NOT NULL,
  `ClassName` enum('SilverStripe\\CMS\\Model\\SiteTree','Page','HomePage','SilverStripe\\ErrorPage\\ErrorPage','SilverStripe\\CMS\\Model\\RedirectorPage','SilverStripe\\CMS\\Model\\VirtualPage') DEFAULT 'Page',
  `LastEdited` datetime DEFAULT NULL,
  `Created` datetime DEFAULT NULL,
  `CanViewType` enum('Anyone','LoggedInUsers','OnlyTheseUsers','Inherit') DEFAULT 'Inherit',
  `CanEditType` enum('LoggedInUsers','OnlyTheseUsers','Inherit') DEFAULT 'Inherit',
  `Version` int(11) NOT NULL DEFAULT '0',
  `URLSegment` varchar(255) DEFAULT NULL,
  `Title` varchar(255) DEFAULT NULL,
  `MenuTitle` varchar(100) DEFAULT NULL,
  `Content` mediumtext,
  `MetaDescription` mediumtext,
  `ExtraMeta` mediumtext,
  `ShowInMenus` tinyint(1) UNSIGNED NOT NULL DEFAULT '0',
  `ShowInSearch` tinyint(1) UNSIGNED NOT NULL DEFAULT '0',
  `Sort` int(11) NOT NULL DEFAULT '0',
  `HasBrokenFile` tinyint(1) UNSIGNED NOT NULL DEFAULT '0',
  `HasBrokenLink` tinyint(1) UNSIGNED NOT NULL DEFAULT '0',
  `ReportClass` varchar(255) DEFAULT NULL,
  `ParentID` int(11) NOT NULL DEFAULT '0'
) ENGINE=InnoDB DEFAULT CHARSET=utf8;

--
-- Dumping data for table `SiteTree`
--

INSERT INTO `SiteTree` (`ID`, `ClassName`, `LastEdited`, `Created`, `CanViewType`, `CanEditType`, `Version`, `URLSegment`, `Title`, `MenuTitle`, `Content`, `MetaDescription`, `ExtraMeta`, `ShowInMenus`, `ShowInSearch`, `Sort`, `HasBrokenFile`, `HasBrokenLink`, `ReportClass`, `ParentID`) VALUES
(1, 'HomePage', '2019-03-28 07:58:59', '2019-03-26 14:06:42', 'Inherit', 'Inherit', 12, 'home', 'Home', NULL, '<p>Edit with <a href=\"admin/\">the CMS</a>.</p><div>\n<div>Lorem, ipsum dolor sit amet consectetur adipisicing elit. Possimus rerum obcaecati necessitatibus voluptates dolor. Sint quo libero vero explicabo incidunt dignissimos, id doloremque. Nihil enim, natus quos id adipisci officia.</div>\n</div>', NULL, NULL, 1, 1, 1, 0, 0, NULL, 0),
(2, 'Page', '2019-03-28 01:38:04', '2019-03-26 14:06:42', 'Inherit', 'Inherit', 4, 'about', 'About', NULL, '<p>You can fill this page out with your own content, or delete it and create your own pages.</p>', NULL, NULL, 1, 1, 2, 0, 0, NULL, 0),
(3, 'Page', '2019-03-28 01:38:35', '2019-03-26 14:06:42', 'Inherit', 'Inherit', 4, 'contact', 'Contact', NULL, '<p>You can fill this page out with your own content, or delete it and create your own pages.</p>', NULL, NULL, 1, 1, 3, 0, 0, NULL, 0),
(4, 'SilverStripe\\ErrorPage\\ErrorPage', '2019-03-26 14:06:42', '2019-03-26 14:06:42', 'Inherit', 'Inherit', 2, 'page-not-found', 'Page not found', NULL, '<p>Sorry, it seems you were trying to access a page that doesn\'t exist.</p><p>Please check the spelling of the URL you were trying to access and try again.</p>', NULL, NULL, 0, 0, 4, 0, 0, NULL, 0),
(5, 'SilverStripe\\ErrorPage\\ErrorPage', '2019-03-26 14:06:43', '2019-03-26 14:06:43', 'Inherit', 'Inherit', 2, 'server-error', 'Server error', NULL, '<p>Sorry, there was a problem with handling your request.</p>', NULL, NULL, 0, 0, 5, 0, 0, NULL, 0);

-- --------------------------------------------------------

--
-- Table structure for table `SiteTreeLink`
--

CREATE TABLE `SiteTreeLink` (
  `ID` int(11) NOT NULL,
  `ClassName` enum('SilverStripe\\CMS\\Model\\SiteTreeLink') DEFAULT 'SilverStripe\\CMS\\Model\\SiteTreeLink',
  `LastEdited` datetime DEFAULT NULL,
  `Created` datetime DEFAULT NULL,
  `LinkedID` int(11) NOT NULL DEFAULT '0',
  `ParentID` int(11) NOT NULL DEFAULT '0',
  `ParentClass` enum('Slide','SilverStripe\\Assets\\File','SilverStripe\\SiteConfig\\SiteConfig','SilverStripe\\Versioned\\ChangeSet','SilverStripe\\Versioned\\ChangeSetItem','SilverStripe\\Assets\\Shortcodes\\FileLink','SilverStripe\\CMS\\Model\\SiteTree','SilverStripe\\CMS\\Model\\SiteTreeLink','SilverStripe\\Security\\Group','SilverStripe\\Security\\LoginAttempt','SilverStripe\\Security\\Member','SilverStripe\\Security\\MemberPassword','SilverStripe\\Security\\Permission','SilverStripe\\Security\\PermissionRole','SilverStripe\\Security\\PermissionRoleCode','SilverStripe\\Security\\RememberLoginHash','SilverStripe\\Assets\\Folder','SilverStripe\\Assets\\Image','Page','HomePage','SilverStripe\\ErrorPage\\ErrorPage','SilverStripe\\CMS\\Model\\RedirectorPage','SilverStripe\\CMS\\Model\\VirtualPage') DEFAULT 'Slide'
) ENGINE=InnoDB DEFAULT CHARSET=utf8;

-- --------------------------------------------------------

--
-- Table structure for table `SiteTree_EditorGroups`
--

CREATE TABLE `SiteTree_EditorGroups` (
  `ID` int(11) NOT NULL,
  `SiteTreeID` int(11) NOT NULL DEFAULT '0',
  `GroupID` int(11) NOT NULL DEFAULT '0'
) ENGINE=InnoDB DEFAULT CHARSET=utf8;

-- --------------------------------------------------------

--
-- Table structure for table `SiteTree_Live`
--

CREATE TABLE `SiteTree_Live` (
  `ID` int(11) NOT NULL,
  `ClassName` enum('SilverStripe\\CMS\\Model\\SiteTree','Page','HomePage','SilverStripe\\ErrorPage\\ErrorPage','SilverStripe\\CMS\\Model\\RedirectorPage','SilverStripe\\CMS\\Model\\VirtualPage') DEFAULT 'Page',
  `LastEdited` datetime DEFAULT NULL,
  `Created` datetime DEFAULT NULL,
  `CanViewType` enum('Anyone','LoggedInUsers','OnlyTheseUsers','Inherit') DEFAULT 'Inherit',
  `CanEditType` enum('LoggedInUsers','OnlyTheseUsers','Inherit') DEFAULT 'Inherit',
  `Version` int(11) NOT NULL DEFAULT '0',
  `URLSegment` varchar(255) DEFAULT NULL,
  `Title` varchar(255) DEFAULT NULL,
  `MenuTitle` varchar(100) DEFAULT NULL,
  `Content` mediumtext,
  `MetaDescription` mediumtext,
  `ExtraMeta` mediumtext,
  `ShowInMenus` tinyint(1) UNSIGNED NOT NULL DEFAULT '0',
  `ShowInSearch` tinyint(1) UNSIGNED NOT NULL DEFAULT '0',
  `Sort` int(11) NOT NULL DEFAULT '0',
  `HasBrokenFile` tinyint(1) UNSIGNED NOT NULL DEFAULT '0',
  `HasBrokenLink` tinyint(1) UNSIGNED NOT NULL DEFAULT '0',
  `ReportClass` varchar(255) DEFAULT NULL,
  `ParentID` int(11) NOT NULL DEFAULT '0'
) ENGINE=InnoDB DEFAULT CHARSET=utf8;

--
-- Dumping data for table `SiteTree_Live`
--

INSERT INTO `SiteTree_Live` (`ID`, `ClassName`, `LastEdited`, `Created`, `CanViewType`, `CanEditType`, `Version`, `URLSegment`, `Title`, `MenuTitle`, `Content`, `MetaDescription`, `ExtraMeta`, `ShowInMenus`, `ShowInSearch`, `Sort`, `HasBrokenFile`, `HasBrokenLink`, `ReportClass`, `ParentID`) VALUES
(1, 'HomePage', '2019-03-28 04:49:18', '2019-03-26 14:06:42', 'Inherit', 'Inherit', 12, 'home', 'Home', NULL, '<p>Edit with <a href=\"admin/\">the CMS</a>.</p><div>\n<div>Lorem, ipsum dolor sit amet consectetur adipisicing elit. Possimus rerum obcaecati necessitatibus voluptates dolor. Sint quo libero vero explicabo incidunt dignissimos, id doloremque. Nihil enim, natus quos id adipisci officia.</div>\n</div>', NULL, NULL, 1, 1, 1, 0, 0, NULL, 0),
(2, 'Page', '2019-03-28 01:38:04', '2019-03-26 14:06:42', 'Inherit', 'Inherit', 4, 'about', 'About', NULL, '<p>You can fill this page out with your own content, or delete it and create your own pages.</p>', NULL, NULL, 1, 1, 2, 0, 0, NULL, 0),
(3, 'Page', '2019-03-28 01:38:35', '2019-03-26 14:06:42', 'Inherit', 'Inherit', 4, 'contact', 'Contact', NULL, '<p>You can fill this page out with your own content, or delete it and create your own pages.</p>', NULL, NULL, 1, 1, 3, 0, 0, NULL, 0),
(4, 'SilverStripe\\ErrorPage\\ErrorPage', '2019-03-26 14:06:42', '2019-03-26 14:06:42', 'Inherit', 'Inherit', 2, 'page-not-found', 'Page not found', NULL, '<p>Sorry, it seems you were trying to access a page that doesn\'t exist.</p><p>Please check the spelling of the URL you were trying to access and try again.</p>', NULL, NULL, 0, 0, 4, 0, 0, NULL, 0),
(5, 'SilverStripe\\ErrorPage\\ErrorPage', '2019-03-26 14:06:43', '2019-03-26 14:06:43', 'Inherit', 'Inherit', 2, 'server-error', 'Server error', NULL, '<p>Sorry, there was a problem with handling your request.</p>', NULL, NULL, 0, 0, 5, 0, 0, NULL, 0);

-- --------------------------------------------------------

--
-- Table structure for table `SiteTree_Versions`
--

CREATE TABLE `SiteTree_Versions` (
  `ID` int(11) NOT NULL,
  `RecordID` int(11) NOT NULL DEFAULT '0',
  `Version` int(11) NOT NULL DEFAULT '0',
  `WasPublished` tinyint(1) UNSIGNED NOT NULL DEFAULT '0',
  `WasDeleted` tinyint(1) UNSIGNED NOT NULL DEFAULT '0',
  `WasDraft` tinyint(1) UNSIGNED NOT NULL DEFAULT '0',
  `AuthorID` int(11) NOT NULL DEFAULT '0',
  `PublisherID` int(11) NOT NULL DEFAULT '0',
  `ClassName` enum('SilverStripe\\CMS\\Model\\SiteTree','Page','HomePage','SilverStripe\\ErrorPage\\ErrorPage','SilverStripe\\CMS\\Model\\RedirectorPage','SilverStripe\\CMS\\Model\\VirtualPage') DEFAULT 'Page',
  `LastEdited` datetime DEFAULT NULL,
  `Created` datetime DEFAULT NULL,
  `CanViewType` enum('Anyone','LoggedInUsers','OnlyTheseUsers','Inherit') DEFAULT 'Inherit',
  `CanEditType` enum('LoggedInUsers','OnlyTheseUsers','Inherit') DEFAULT 'Inherit',
  `URLSegment` varchar(255) DEFAULT NULL,
  `Title` varchar(255) DEFAULT NULL,
  `MenuTitle` varchar(100) DEFAULT NULL,
  `Content` mediumtext,
  `MetaDescription` mediumtext,
  `ExtraMeta` mediumtext,
  `ShowInMenus` tinyint(1) UNSIGNED NOT NULL DEFAULT '0',
  `ShowInSearch` tinyint(1) UNSIGNED NOT NULL DEFAULT '0',
  `Sort` int(11) NOT NULL DEFAULT '0',
  `HasBrokenFile` tinyint(1) UNSIGNED NOT NULL DEFAULT '0',
  `HasBrokenLink` tinyint(1) UNSIGNED NOT NULL DEFAULT '0',
  `ReportClass` varchar(255) DEFAULT NULL,
  `ParentID` int(11) NOT NULL DEFAULT '0'
) ENGINE=InnoDB DEFAULT CHARSET=utf8;

--
-- Dumping data for table `SiteTree_Versions`
--

INSERT INTO `SiteTree_Versions` (`ID`, `RecordID`, `Version`, `WasPublished`, `WasDeleted`, `WasDraft`, `AuthorID`, `PublisherID`, `ClassName`, `LastEdited`, `Created`, `CanViewType`, `CanEditType`, `URLSegment`, `Title`, `MenuTitle`, `Content`, `MetaDescription`, `ExtraMeta`, `ShowInMenus`, `ShowInSearch`, `Sort`, `HasBrokenFile`, `HasBrokenLink`, `ReportClass`, `ParentID`) VALUES
(1, 1, 1, 0, 0, 1, 0, 0, 'Page', '2019-03-26 14:06:42', '2019-03-26 14:06:42', 'Inherit', 'Inherit', 'home', 'Home', NULL, '<p>Welcome to SilverStripe! This is the default homepage. You can edit this page by opening <a href=\"admin/\">the CMS</a>.</p><p>You can now access the <a href=\"http://docs.silverstripe.org\">developer documentation</a>, or begin the <a href=\"http://www.silverstripe.org/learn/lessons\">SilverStripe lessons</a>.</p>', NULL, NULL, 1, 1, 1, 0, 0, NULL, 0),
(2, 1, 2, 1, 0, 1, 0, 0, 'Page', '2019-03-26 14:06:42', '2019-03-26 14:06:42', 'Inherit', 'Inherit', 'home', 'Home', NULL, '<p>Welcome to SilverStripe! This is the default homepage. You can edit this page by opening <a href=\"admin/\">the CMS</a>.</p><p>You can now access the <a href=\"http://docs.silverstripe.org\">developer documentation</a>, or begin the <a href=\"http://www.silverstripe.org/learn/lessons\">SilverStripe lessons</a>.</p>', NULL, NULL, 1, 1, 1, 0, 0, NULL, 0),
(3, 2, 1, 0, 0, 1, 0, 0, 'Page', '2019-03-26 14:06:42', '2019-03-26 14:06:42', 'Inherit', 'Inherit', 'about-us', 'About Us', NULL, '<p>You can fill this page out with your own content, or delete it and create your own pages.</p>', NULL, NULL, 1, 1, 2, 0, 0, NULL, 0),
(4, 2, 2, 1, 0, 1, 0, 0, 'Page', '2019-03-26 14:06:42', '2019-03-26 14:06:42', 'Inherit', 'Inherit', 'about-us', 'About Us', NULL, '<p>You can fill this page out with your own content, or delete it and create your own pages.</p>', NULL, NULL, 1, 1, 2, 0, 0, NULL, 0),
(5, 3, 1, 0, 0, 1, 0, 0, 'Page', '2019-03-26 14:06:42', '2019-03-26 14:06:42', 'Inherit', 'Inherit', 'contact-us', 'Contact Us', NULL, '<p>You can fill this page out with your own content, or delete it and create your own pages.</p>', NULL, NULL, 1, 1, 3, 0, 0, NULL, 0),
(6, 3, 2, 1, 0, 1, 0, 0, 'Page', '2019-03-26 14:06:42', '2019-03-26 14:06:42', 'Inherit', 'Inherit', 'contact-us', 'Contact Us', NULL, '<p>You can fill this page out with your own content, or delete it and create your own pages.</p>', NULL, NULL, 1, 1, 3, 0, 0, NULL, 0),
(7, 4, 1, 0, 0, 1, 0, 0, 'SilverStripe\\ErrorPage\\ErrorPage', '2019-03-26 14:06:42', '2019-03-26 14:06:42', 'Inherit', 'Inherit', 'page-not-found', 'Page not found', NULL, '<p>Sorry, it seems you were trying to access a page that doesn\'t exist.</p><p>Please check the spelling of the URL you were trying to access and try again.</p>', NULL, NULL, 0, 0, 4, 0, 0, NULL, 0),
(8, 4, 2, 1, 0, 1, 0, 0, 'SilverStripe\\ErrorPage\\ErrorPage', '2019-03-26 14:06:42', '2019-03-26 14:06:42', 'Inherit', 'Inherit', 'page-not-found', 'Page not found', NULL, '<p>Sorry, it seems you were trying to access a page that doesn\'t exist.</p><p>Please check the spelling of the URL you were trying to access and try again.</p>', NULL, NULL, 0, 0, 4, 0, 0, NULL, 0),
(9, 5, 1, 0, 0, 1, 0, 0, 'SilverStripe\\ErrorPage\\ErrorPage', '2019-03-26 14:06:43', '2019-03-26 14:06:43', 'Inherit', 'Inherit', 'server-error', 'Server error', NULL, '<p>Sorry, there was a problem with handling your request.</p>', NULL, NULL, 0, 0, 5, 0, 0, NULL, 0),
(10, 5, 2, 1, 0, 1, 0, 0, 'SilverStripe\\ErrorPage\\ErrorPage', '2019-03-26 14:06:43', '2019-03-26 14:06:43', 'Inherit', 'Inherit', 'server-error', 'Server error', NULL, '<p>Sorry, there was a problem with handling your request.</p>', NULL, NULL, 0, 0, 5, 0, 0, NULL, 0),
(11, 1, 3, 0, 0, 1, 1, 0, 'HomePage', '2019-03-26 14:50:14', '2019-03-26 14:06:42', 'Inherit', 'Inherit', 'home', 'Home', NULL, '<p>Welcome to SilverStripe! This is the default homepage. You can edit this page by opening <a href=\"admin/\">the CMS</a>.</p><p>You can now access the <a href=\"http://docs.silverstripe.org\">developer documentation</a>, or begin the <a href=\"http://www.silverstripe.org/learn/lessons\">SilverStripe lessons</a>.</p>', NULL, NULL, 1, 1, 1, 0, 0, NULL, 0),
(12, 1, 4, 1, 0, 1, 1, 1, 'HomePage', '2019-03-26 14:50:15', '2019-03-26 14:06:42', 'Inherit', 'Inherit', 'home', 'Home', NULL, '<p>Welcome to SilverStripe! This is the default homepage. You can edit this page by opening <a href=\"admin/\">the CMS</a>.</p><p>You can now access the <a href=\"http://docs.silverstripe.org\">developer documentation</a>, or begin the <a href=\"http://www.silverstripe.org/learn/lessons\">SilverStripe lessons</a>.</p>', NULL, NULL, 1, 1, 1, 0, 0, NULL, 0),
(13, 2, 3, 0, 0, 1, 1, 0, 'Page', '2019-03-28 01:38:04', '2019-03-26 14:06:42', 'Inherit', 'Inherit', 'about', 'About', NULL, '<p>You can fill this page out with your own content, or delete it and create your own pages.</p>', NULL, NULL, 1, 1, 2, 0, 0, NULL, 0),
(14, 2, 4, 1, 0, 1, 1, 1, 'Page', '2019-03-28 01:38:04', '2019-03-26 14:06:42', 'Inherit', 'Inherit', 'about', 'About', NULL, '<p>You can fill this page out with your own content, or delete it and create your own pages.</p>', NULL, NULL, 1, 1, 2, 0, 0, NULL, 0),
(15, 3, 3, 0, 0, 1, 1, 0, 'Page', '2019-03-28 01:38:34', '2019-03-26 14:06:42', 'Inherit', 'Inherit', 'contact', 'Contact', NULL, '<p>You can fill this page out with your own content, or delete it and create your own pages.</p>', NULL, NULL, 1, 1, 3, 0, 0, NULL, 0),
(16, 3, 4, 1, 0, 1, 1, 1, 'Page', '2019-03-28 01:38:35', '2019-03-26 14:06:42', 'Inherit', 'Inherit', 'contact', 'Contact', NULL, '<p>You can fill this page out with your own content, or delete it and create your own pages.</p>', NULL, NULL, 1, 1, 3, 0, 0, NULL, 0),
(17, 1, 5, 0, 0, 1, 1, 0, 'HomePage', '2019-03-28 02:42:08', '2019-03-26 14:06:42', 'Inherit', 'Inherit', 'home', 'Home', NULL, '<p>Edit with <a href=\"admin/\">the CMS</a>.</p><div>\n<div>Lorem, ipsum dolor sit amet consectetur adipisicing elit. Possimus rerum obcaecati necessitatibus voluptates dolor. Sint quo libero vero explicabo incidunt dignissimos, id doloremque. Nihil enim, natus quos id adipisci officia!</div>\n</div>', NULL, NULL, 1, 1, 1, 0, 0, NULL, 0),
(18, 1, 6, 1, 0, 1, 1, 1, 'HomePage', '2019-03-28 02:42:09', '2019-03-26 14:06:42', 'Inherit', 'Inherit', 'home', 'Home', NULL, '<p>Edit with <a href=\"admin/\">the CMS</a>.</p><div>\n<div>Lorem, ipsum dolor sit amet consectetur adipisicing elit. Possimus rerum obcaecati necessitatibus voluptates dolor. Sint quo libero vero explicabo incidunt dignissimos, id doloremque. Nihil enim, natus quos id adipisci officia!</div>\n</div>', NULL, NULL, 1, 1, 1, 0, 0, NULL, 0),
(19, 1, 7, 0, 0, 1, 1, 0, 'HomePage', '2019-03-28 02:46:13', '2019-03-26 14:06:42', 'Inherit', 'Inherit', 'home', 'Home', NULL, '<p>Edit with <a href=\"admin/\">the CMS</a>.</p><div>\n<div>Lorem, ipsum dolor sit amet consectetur adipisicing elit. Possimus rerum obcaecati necessitatibus voluptates dolor. Sint quo libero vero explicabo incidunt dignissimos, id doloremque. Nihil enim, natus quos id adipisci officia.</div>\n</div>', NULL, NULL, 1, 1, 1, 0, 0, NULL, 0),
(20, 1, 8, 1, 0, 1, 1, 1, 'HomePage', '2019-03-28 02:46:13', '2019-03-26 14:06:42', 'Inherit', 'Inherit', 'home', 'Home', NULL, '<p>Edit with <a href=\"admin/\">the CMS</a>.</p><div>\n<div>Lorem, ipsum dolor sit amet consectetur adipisicing elit. Possimus rerum obcaecati necessitatibus voluptates dolor. Sint quo libero vero explicabo incidunt dignissimos, id doloremque. Nihil enim, natus quos id adipisci officia.</div>\n</div>', NULL, NULL, 1, 1, 1, 0, 0, NULL, 0),
(21, 1, 9, 0, 0, 1, 1, 0, 'HomePage', '2019-03-28 04:44:37', '2019-03-26 14:06:42', 'Inherit', 'Inherit', 'home', 'Home', NULL, '<p>Edit with <a href=\"admin/\">the CMS</a>.</p><div>\n<div>Lorem, ipsum dolor sit amet consectetur adipisicing elit. Possimus rerum obcaecati necessitatibus voluptates dolor. Sint quo libero vero explicabo incidunt dignissimos, id doloremque. Nihil enim, natus quos id adipisci officia.</div>\n</div>', NULL, NULL, 1, 1, 1, 0, 0, NULL, 0),
(22, 1, 10, 1, 0, 1, 1, 1, 'HomePage', '2019-03-28 04:44:37', '2019-03-26 14:06:42', 'Inherit', 'Inherit', 'home', 'Home', NULL, '<p>Edit with <a href=\"admin/\">the CMS</a>.</p><div>\n<div>Lorem, ipsum dolor sit amet consectetur adipisicing elit. Possimus rerum obcaecati necessitatibus voluptates dolor. Sint quo libero vero explicabo incidunt dignissimos, id doloremque. Nihil enim, natus quos id adipisci officia.</div>\n</div>', NULL, NULL, 1, 1, 1, 0, 0, NULL, 0),
(23, 1, 11, 0, 0, 1, 1, 0, 'HomePage', '2019-03-28 04:49:17', '2019-03-26 14:06:42', 'Inherit', 'Inherit', 'home', 'Home', NULL, '<p>Edit with <a href=\"admin/\">the CMS</a>.</p><div>\n<div>Lorem, ipsum dolor sit amet consectetur adipisicing elit. Possimus rerum obcaecati necessitatibus voluptates dolor. Sint quo libero vero explicabo incidunt dignissimos, id doloremque. Nihil enim, natus quos id adipisci officia.</div>\n</div>', NULL, NULL, 1, 1, 1, 0, 0, NULL, 0),
(24, 1, 12, 1, 0, 1, 1, 1, 'HomePage', '2019-03-28 04:49:18', '2019-03-26 14:06:42', 'Inherit', 'Inherit', 'home', 'Home', NULL, '<p>Edit with <a href=\"admin/\">the CMS</a>.</p><div>\n<div>Lorem, ipsum dolor sit amet consectetur adipisicing elit. Possimus rerum obcaecati necessitatibus voluptates dolor. Sint quo libero vero explicabo incidunt dignissimos, id doloremque. Nihil enim, natus quos id adipisci officia.</div>\n</div>', NULL, NULL, 1, 1, 1, 0, 0, NULL, 0);

-- --------------------------------------------------------

--
-- Table structure for table `SiteTree_ViewerGroups`
--

CREATE TABLE `SiteTree_ViewerGroups` (
  `ID` int(11) NOT NULL,
  `SiteTreeID` int(11) NOT NULL DEFAULT '0',
  `GroupID` int(11) NOT NULL DEFAULT '0'
) ENGINE=InnoDB DEFAULT CHARSET=utf8;

-- --------------------------------------------------------

--
-- Table structure for table `Slide`
--

CREATE TABLE `Slide` (
  `ID` int(11) NOT NULL,
  `ClassName` enum('Slide') DEFAULT 'Slide',
  `LastEdited` datetime DEFAULT NULL,
  `Created` datetime DEFAULT NULL,
  `Caption` mediumtext,
  `SortOrder` int(11) NOT NULL DEFAULT '0',
  `HomePageID` int(11) NOT NULL DEFAULT '0',
  `Title` mediumtext,
  `PhotoID` int(11) NOT NULL DEFAULT '0',
  `ImageID` int(11) NOT NULL DEFAULT '0'
) ENGINE=InnoDB DEFAULT CHARSET=utf8;

--
-- Dumping data for table `Slide`
--

INSERT INTO `Slide` (`ID`, `ClassName`, `LastEdited`, `Created`, `Caption`, `SortOrder`, `HomePageID`, `Title`, `PhotoID`, `ImageID`) VALUES
(2, 'Slide', '2019-03-29 19:32:36', '2019-03-28 07:57:12', 'Ayu in Ueno', 0, 1, NULL, 0, 9),
(3, 'Slide', '2019-03-29 19:33:00', '2019-03-28 07:58:18', 'Sushi in Asakusa', 0, 1, NULL, 0, 11),
(4, 'Slide', '2019-03-29 19:33:24', '2019-03-28 07:58:48', 'Tako in Tsukiji', 0, 1, NULL, 0, 13);

-- --------------------------------------------------------

--
-- Table structure for table `VirtualPage`
--

CREATE TABLE `VirtualPage` (
  `ID` int(11) NOT NULL,
  `VersionID` int(11) NOT NULL DEFAULT '0',
  `CopyContentFromID` int(11) NOT NULL DEFAULT '0'
) ENGINE=InnoDB DEFAULT CHARSET=utf8;

-- --------------------------------------------------------

--
-- Table structure for table `VirtualPage_Live`
--

CREATE TABLE `VirtualPage_Live` (
  `ID` int(11) NOT NULL,
  `VersionID` int(11) NOT NULL DEFAULT '0',
  `CopyContentFromID` int(11) NOT NULL DEFAULT '0'
) ENGINE=InnoDB DEFAULT CHARSET=utf8;

-- --------------------------------------------------------

--
-- Table structure for table `VirtualPage_Versions`
--

CREATE TABLE `VirtualPage_Versions` (
  `ID` int(11) NOT NULL,
  `RecordID` int(11) NOT NULL DEFAULT '0',
  `Version` int(11) NOT NULL DEFAULT '0',
  `VersionID` int(11) NOT NULL DEFAULT '0',
  `CopyContentFromID` int(11) NOT NULL DEFAULT '0'
) ENGINE=InnoDB DEFAULT CHARSET=utf8;

--
-- Indexes for dumped tables
--

--
-- Indexes for table `ChangeSet`
--
ALTER TABLE `ChangeSet`
  ADD PRIMARY KEY (`ID`),
  ADD KEY `State` (`State`),
  ADD KEY `ID` (`ID`),
  ADD KEY `ClassName` (`ClassName`),
  ADD KEY `OwnerID` (`OwnerID`),
  ADD KEY `PublisherID` (`PublisherID`);

--
-- Indexes for table `ChangeSetItem`
--
ALTER TABLE `ChangeSetItem`
  ADD PRIMARY KEY (`ID`),
  ADD UNIQUE KEY `ObjectUniquePerChangeSet` (`ObjectID`,`ObjectClass`,`ChangeSetID`),
  ADD KEY `ClassName` (`ClassName`),
  ADD KEY `ChangeSetID` (`ChangeSetID`),
  ADD KEY `Object` (`ObjectID`,`ObjectClass`);

--
-- Indexes for table `ChangeSetItem_ReferencedBy`
--
ALTER TABLE `ChangeSetItem_ReferencedBy`
  ADD PRIMARY KEY (`ID`),
  ADD KEY `ChangeSetItemID` (`ChangeSetItemID`),
  ADD KEY `ChildID` (`ChildID`);

--
-- Indexes for table `ErrorPage`
--
ALTER TABLE `ErrorPage`
  ADD PRIMARY KEY (`ID`);

--
-- Indexes for table `ErrorPage_Live`
--
ALTER TABLE `ErrorPage_Live`
  ADD PRIMARY KEY (`ID`);

--
-- Indexes for table `ErrorPage_Versions`
--
ALTER TABLE `ErrorPage_Versions`
  ADD PRIMARY KEY (`ID`),
  ADD UNIQUE KEY `RecordID_Version` (`RecordID`,`Version`),
  ADD KEY `RecordID` (`RecordID`),
  ADD KEY `Version` (`Version`);

--
-- Indexes for table `File`
--
ALTER TABLE `File`
  ADD PRIMARY KEY (`ID`),
  ADD KEY `Name` (`Name`),
  ADD KEY `ClassName` (`ClassName`),
  ADD KEY `ParentID` (`ParentID`),
  ADD KEY `OwnerID` (`OwnerID`),
  ADD KEY `FileHash` (`FileHash`);

--
-- Indexes for table `FileLink`
--
ALTER TABLE `FileLink`
  ADD PRIMARY KEY (`ID`),
  ADD KEY `ClassName` (`ClassName`),
  ADD KEY `LinkedID` (`LinkedID`),
  ADD KEY `Parent` (`ParentID`,`ParentClass`);

--
-- Indexes for table `File_EditorGroups`
--
ALTER TABLE `File_EditorGroups`
  ADD PRIMARY KEY (`ID`),
  ADD KEY `FileID` (`FileID`),
  ADD KEY `GroupID` (`GroupID`);

--
-- Indexes for table `File_Live`
--
ALTER TABLE `File_Live`
  ADD PRIMARY KEY (`ID`),
  ADD KEY `Name` (`Name`),
  ADD KEY `ClassName` (`ClassName`),
  ADD KEY `ParentID` (`ParentID`),
  ADD KEY `OwnerID` (`OwnerID`),
  ADD KEY `FileHash` (`FileHash`);

--
-- Indexes for table `File_Versions`
--
ALTER TABLE `File_Versions`
  ADD PRIMARY KEY (`ID`),
  ADD KEY `RecordID_Version` (`RecordID`,`Version`),
  ADD KEY `RecordID` (`RecordID`),
  ADD KEY `Version` (`Version`),
  ADD KEY `AuthorID` (`AuthorID`),
  ADD KEY `PublisherID` (`PublisherID`),
  ADD KEY `Name` (`Name`),
  ADD KEY `ClassName` (`ClassName`),
  ADD KEY `ParentID` (`ParentID`),
  ADD KEY `OwnerID` (`OwnerID`),
  ADD KEY `FileHash` (`FileHash`);

--
-- Indexes for table `File_ViewerGroups`
--
ALTER TABLE `File_ViewerGroups`
  ADD PRIMARY KEY (`ID`),
  ADD KEY `FileID` (`FileID`),
  ADD KEY `GroupID` (`GroupID`);

--
-- Indexes for table `Group`
--
ALTER TABLE `Group`
  ADD PRIMARY KEY (`ID`),
  ADD KEY `ClassName` (`ClassName`),
  ADD KEY `ParentID` (`ParentID`);

--
-- Indexes for table `Group_Members`
--
ALTER TABLE `Group_Members`
  ADD PRIMARY KEY (`ID`),
  ADD KEY `GroupID` (`GroupID`),
  ADD KEY `MemberID` (`MemberID`);

--
-- Indexes for table `Group_Roles`
--
ALTER TABLE `Group_Roles`
  ADD PRIMARY KEY (`ID`),
  ADD KEY `GroupID` (`GroupID`),
  ADD KEY `PermissionRoleID` (`PermissionRoleID`);

--
-- Indexes for table `HeroSlide`
--
ALTER TABLE `HeroSlide`
  ADD PRIMARY KEY (`ID`),
  ADD KEY `ClassName` (`ClassName`),
  ADD KEY `PhotoID` (`PhotoID`);

--
-- Indexes for table `HomePage`
--
ALTER TABLE `HomePage`
  ADD PRIMARY KEY (`ID`),
  ADD KEY `PhotoID` (`PhotoID`);

--
-- Indexes for table `HomePage_Live`
--
ALTER TABLE `HomePage_Live`
  ADD PRIMARY KEY (`ID`),
  ADD KEY `PhotoID` (`PhotoID`);

--
-- Indexes for table `HomePage_Versions`
--
ALTER TABLE `HomePage_Versions`
  ADD PRIMARY KEY (`ID`),
  ADD UNIQUE KEY `RecordID_Version` (`RecordID`,`Version`),
  ADD KEY `RecordID` (`RecordID`),
  ADD KEY `Version` (`Version`),
  ADD KEY `PhotoID` (`PhotoID`);

--
-- Indexes for table `LoginAttempt`
--
ALTER TABLE `LoginAttempt`
  ADD PRIMARY KEY (`ID`),
  ADD KEY `ClassName` (`ClassName`),
  ADD KEY `MemberID` (`MemberID`),
  ADD KEY `EmailHashed` (`EmailHashed`);

--
-- Indexes for table `Member`
--
ALTER TABLE `Member`
  ADD PRIMARY KEY (`ID`),
  ADD KEY `Surname` (`Surname`),
  ADD KEY `FirstName` (`FirstName`),
  ADD KEY `ClassName` (`ClassName`),
  ADD KEY `Email` (`Email`);

--
-- Indexes for table `MemberPassword`
--
ALTER TABLE `MemberPassword`
  ADD PRIMARY KEY (`ID`),
  ADD KEY `ClassName` (`ClassName`),
  ADD KEY `MemberID` (`MemberID`);

--
-- Indexes for table `Permission`
--
ALTER TABLE `Permission`
  ADD PRIMARY KEY (`ID`),
  ADD KEY `ClassName` (`ClassName`),
  ADD KEY `GroupID` (`GroupID`),
  ADD KEY `Code` (`Code`);

--
-- Indexes for table `PermissionRole`
--
ALTER TABLE `PermissionRole`
  ADD PRIMARY KEY (`ID`),
  ADD KEY `Title` (`Title`),
  ADD KEY `ClassName` (`ClassName`);

--
-- Indexes for table `PermissionRoleCode`
--
ALTER TABLE `PermissionRoleCode`
  ADD PRIMARY KEY (`ID`),
  ADD KEY `ClassName` (`ClassName`),
  ADD KEY `RoleID` (`RoleID`);

--
-- Indexes for table `RedirectorPage`
--
ALTER TABLE `RedirectorPage`
  ADD PRIMARY KEY (`ID`),
  ADD KEY `LinkToID` (`LinkToID`);

--
-- Indexes for table `RedirectorPage_Live`
--
ALTER TABLE `RedirectorPage_Live`
  ADD PRIMARY KEY (`ID`),
  ADD KEY `LinkToID` (`LinkToID`);

--
-- Indexes for table `RedirectorPage_Versions`
--
ALTER TABLE `RedirectorPage_Versions`
  ADD PRIMARY KEY (`ID`),
  ADD UNIQUE KEY `RecordID_Version` (`RecordID`,`Version`),
  ADD KEY `RecordID` (`RecordID`),
  ADD KEY `Version` (`Version`),
  ADD KEY `LinkToID` (`LinkToID`);

--
-- Indexes for table `RememberLoginHash`
--
ALTER TABLE `RememberLoginHash`
  ADD PRIMARY KEY (`ID`),
  ADD KEY `ClassName` (`ClassName`),
  ADD KEY `MemberID` (`MemberID`),
  ADD KEY `DeviceID` (`DeviceID`),
  ADD KEY `Hash` (`Hash`);

--
-- Indexes for table `SiteConfig`
--
ALTER TABLE `SiteConfig`
  ADD PRIMARY KEY (`ID`),
  ADD KEY `ClassName` (`ClassName`);

--
-- Indexes for table `SiteConfig_CreateTopLevelGroups`
--
ALTER TABLE `SiteConfig_CreateTopLevelGroups`
  ADD PRIMARY KEY (`ID`),
  ADD KEY `SiteConfigID` (`SiteConfigID`),
  ADD KEY `GroupID` (`GroupID`);

--
-- Indexes for table `SiteConfig_EditorGroups`
--
ALTER TABLE `SiteConfig_EditorGroups`
  ADD PRIMARY KEY (`ID`),
  ADD KEY `SiteConfigID` (`SiteConfigID`),
  ADD KEY `GroupID` (`GroupID`);

--
-- Indexes for table `SiteConfig_ViewerGroups`
--
ALTER TABLE `SiteConfig_ViewerGroups`
  ADD PRIMARY KEY (`ID`),
  ADD KEY `SiteConfigID` (`SiteConfigID`),
  ADD KEY `GroupID` (`GroupID`);

--
-- Indexes for table `SiteTree`
--
ALTER TABLE `SiteTree`
  ADD PRIMARY KEY (`ID`),
  ADD KEY `Sort` (`Sort`),
  ADD KEY `ClassName` (`ClassName`),
  ADD KEY `ParentID` (`ParentID`),
  ADD KEY `URLSegment` (`URLSegment`);

--
-- Indexes for table `SiteTreeLink`
--
ALTER TABLE `SiteTreeLink`
  ADD PRIMARY KEY (`ID`),
  ADD KEY `ClassName` (`ClassName`),
  ADD KEY `LinkedID` (`LinkedID`),
  ADD KEY `Parent` (`ParentID`,`ParentClass`);

--
-- Indexes for table `SiteTree_EditorGroups`
--
ALTER TABLE `SiteTree_EditorGroups`
  ADD PRIMARY KEY (`ID`),
  ADD KEY `SiteTreeID` (`SiteTreeID`),
  ADD KEY `GroupID` (`GroupID`);

--
-- Indexes for table `SiteTree_Live`
--
ALTER TABLE `SiteTree_Live`
  ADD PRIMARY KEY (`ID`),
  ADD KEY `Sort` (`Sort`),
  ADD KEY `ClassName` (`ClassName`),
  ADD KEY `ParentID` (`ParentID`),
  ADD KEY `URLSegment` (`URLSegment`);

--
-- Indexes for table `SiteTree_Versions`
--
ALTER TABLE `SiteTree_Versions`
  ADD PRIMARY KEY (`ID`),
  ADD KEY `RecordID_Version` (`RecordID`,`Version`),
  ADD KEY `RecordID` (`RecordID`),
  ADD KEY `Version` (`Version`),
  ADD KEY `AuthorID` (`AuthorID`),
  ADD KEY `PublisherID` (`PublisherID`),
  ADD KEY `Sort` (`Sort`),
  ADD KEY `ClassName` (`ClassName`),
  ADD KEY `ParentID` (`ParentID`),
  ADD KEY `URLSegment` (`URLSegment`);

--
-- Indexes for table `SiteTree_ViewerGroups`
--
ALTER TABLE `SiteTree_ViewerGroups`
  ADD PRIMARY KEY (`ID`),
  ADD KEY `SiteTreeID` (`SiteTreeID`),
  ADD KEY `GroupID` (`GroupID`);

--
-- Indexes for table `Slide`
--
ALTER TABLE `Slide`
  ADD PRIMARY KEY (`ID`),
  ADD KEY `SortOrder` (`SortOrder`),
  ADD KEY `ClassName` (`ClassName`),
  ADD KEY `HomePageID` (`HomePageID`),
  ADD KEY `PhotoID` (`PhotoID`),
  ADD KEY `ImageID` (`ImageID`);

--
-- Indexes for table `VirtualPage`
--
ALTER TABLE `VirtualPage`
  ADD PRIMARY KEY (`ID`),
  ADD KEY `CopyContentFromID` (`CopyContentFromID`);

--
-- Indexes for table `VirtualPage_Live`
--
ALTER TABLE `VirtualPage_Live`
  ADD PRIMARY KEY (`ID`),
  ADD KEY `CopyContentFromID` (`CopyContentFromID`);

--
-- Indexes for table `VirtualPage_Versions`
--
ALTER TABLE `VirtualPage_Versions`
  ADD PRIMARY KEY (`ID`),
  ADD UNIQUE KEY `RecordID_Version` (`RecordID`,`Version`),
  ADD KEY `RecordID` (`RecordID`),
  ADD KEY `Version` (`Version`),
  ADD KEY `CopyContentFromID` (`CopyContentFromID`);

--
-- AUTO_INCREMENT for dumped tables
--

--
-- AUTO_INCREMENT for table `ChangeSet`
--
ALTER TABLE `ChangeSet`
  MODIFY `ID` int(11) NOT NULL AUTO_INCREMENT, AUTO_INCREMENT=24;
--
-- AUTO_INCREMENT for table `ChangeSetItem`
--
ALTER TABLE `ChangeSetItem`
  MODIFY `ID` int(11) NOT NULL AUTO_INCREMENT, AUTO_INCREMENT=33;
--
-- AUTO_INCREMENT for table `ChangeSetItem_ReferencedBy`
--
ALTER TABLE `ChangeSetItem_ReferencedBy`
  MODIFY `ID` int(11) NOT NULL AUTO_INCREMENT, AUTO_INCREMENT=10;
--
-- AUTO_INCREMENT for table `ErrorPage`
--
ALTER TABLE `ErrorPage`
  MODIFY `ID` int(11) NOT NULL AUTO_INCREMENT, AUTO_INCREMENT=6;
--
-- AUTO_INCREMENT for table `ErrorPage_Live`
--
ALTER TABLE `ErrorPage_Live`
  MODIFY `ID` int(11) NOT NULL AUTO_INCREMENT, AUTO_INCREMENT=6;
--
-- AUTO_INCREMENT for table `ErrorPage_Versions`
--
ALTER TABLE `ErrorPage_Versions`
  MODIFY `ID` int(11) NOT NULL AUTO_INCREMENT, AUTO_INCREMENT=5;
--
-- AUTO_INCREMENT for table `File`
--
ALTER TABLE `File`
  MODIFY `ID` int(11) NOT NULL AUTO_INCREMENT, AUTO_INCREMENT=14;
--
-- AUTO_INCREMENT for table `FileLink`
--
ALTER TABLE `FileLink`
  MODIFY `ID` int(11) NOT NULL AUTO_INCREMENT;
--
-- AUTO_INCREMENT for table `File_EditorGroups`
--
ALTER TABLE `File_EditorGroups`
  MODIFY `ID` int(11) NOT NULL AUTO_INCREMENT;
--
-- AUTO_INCREMENT for table `File_Live`
--
ALTER TABLE `File_Live`
  MODIFY `ID` int(11) NOT NULL AUTO_INCREMENT, AUTO_INCREMENT=14;
--
-- AUTO_INCREMENT for table `File_Versions`
--
ALTER TABLE `File_Versions`
  MODIFY `ID` int(11) NOT NULL AUTO_INCREMENT, AUTO_INCREMENT=25;
--
-- AUTO_INCREMENT for table `File_ViewerGroups`
--
ALTER TABLE `File_ViewerGroups`
  MODIFY `ID` int(11) NOT NULL AUTO_INCREMENT;
--
-- AUTO_INCREMENT for table `Group`
--
ALTER TABLE `Group`
  MODIFY `ID` int(11) NOT NULL AUTO_INCREMENT, AUTO_INCREMENT=3;
--
-- AUTO_INCREMENT for table `Group_Members`
--
ALTER TABLE `Group_Members`
  MODIFY `ID` int(11) NOT NULL AUTO_INCREMENT, AUTO_INCREMENT=2;
--
-- AUTO_INCREMENT for table `Group_Roles`
--
ALTER TABLE `Group_Roles`
  MODIFY `ID` int(11) NOT NULL AUTO_INCREMENT;
--
-- AUTO_INCREMENT for table `HeroSlide`
--
ALTER TABLE `HeroSlide`
  MODIFY `ID` int(11) NOT NULL AUTO_INCREMENT;
--
-- AUTO_INCREMENT for table `HomePage`
--
ALTER TABLE `HomePage`
  MODIFY `ID` int(11) NOT NULL AUTO_INCREMENT, AUTO_INCREMENT=2;
--
-- AUTO_INCREMENT for table `HomePage_Live`
--
ALTER TABLE `HomePage_Live`
  MODIFY `ID` int(11) NOT NULL AUTO_INCREMENT, AUTO_INCREMENT=2;
--
-- AUTO_INCREMENT for table `HomePage_Versions`
--
ALTER TABLE `HomePage_Versions`
  MODIFY `ID` int(11) NOT NULL AUTO_INCREMENT, AUTO_INCREMENT=9;
--
-- AUTO_INCREMENT for table `LoginAttempt`
--
ALTER TABLE `LoginAttempt`
  MODIFY `ID` int(11) NOT NULL AUTO_INCREMENT, AUTO_INCREMENT=2;
--
-- AUTO_INCREMENT for table `Member`
--
ALTER TABLE `Member`
  MODIFY `ID` int(11) NOT NULL AUTO_INCREMENT, AUTO_INCREMENT=2;
--
-- AUTO_INCREMENT for table `MemberPassword`
--
ALTER TABLE `MemberPassword`
  MODIFY `ID` int(11) NOT NULL AUTO_INCREMENT, AUTO_INCREMENT=3;
--
-- AUTO_INCREMENT for table `Permission`
--
ALTER TABLE `Permission`
  MODIFY `ID` int(11) NOT NULL AUTO_INCREMENT, AUTO_INCREMENT=6;
--
-- AUTO_INCREMENT for table `PermissionRole`
--
ALTER TABLE `PermissionRole`
  MODIFY `ID` int(11) NOT NULL AUTO_INCREMENT;
--
-- AUTO_INCREMENT for table `PermissionRoleCode`
--
ALTER TABLE `PermissionRoleCode`
  MODIFY `ID` int(11) NOT NULL AUTO_INCREMENT;
--
-- AUTO_INCREMENT for table `RedirectorPage`
--
ALTER TABLE `RedirectorPage`
  MODIFY `ID` int(11) NOT NULL AUTO_INCREMENT;
--
-- AUTO_INCREMENT for table `RedirectorPage_Live`
--
ALTER TABLE `RedirectorPage_Live`
  MODIFY `ID` int(11) NOT NULL AUTO_INCREMENT;
--
-- AUTO_INCREMENT for table `RedirectorPage_Versions`
--
ALTER TABLE `RedirectorPage_Versions`
  MODIFY `ID` int(11) NOT NULL AUTO_INCREMENT;
--
-- AUTO_INCREMENT for table `RememberLoginHash`
--
ALTER TABLE `RememberLoginHash`
  MODIFY `ID` int(11) NOT NULL AUTO_INCREMENT, AUTO_INCREMENT=2;
--
-- AUTO_INCREMENT for table `SiteConfig`
--
ALTER TABLE `SiteConfig`
  MODIFY `ID` int(11) NOT NULL AUTO_INCREMENT, AUTO_INCREMENT=2;
--
-- AUTO_INCREMENT for table `SiteConfig_CreateTopLevelGroups`
--
ALTER TABLE `SiteConfig_CreateTopLevelGroups`
  MODIFY `ID` int(11) NOT NULL AUTO_INCREMENT;
--
-- AUTO_INCREMENT for table `SiteConfig_EditorGroups`
--
ALTER TABLE `SiteConfig_EditorGroups`
  MODIFY `ID` int(11) NOT NULL AUTO_INCREMENT;
--
-- AUTO_INCREMENT for table `SiteConfig_ViewerGroups`
--
ALTER TABLE `SiteConfig_ViewerGroups`
  MODIFY `ID` int(11) NOT NULL AUTO_INCREMENT;
--
-- AUTO_INCREMENT for table `SiteTree`
--
ALTER TABLE `SiteTree`
  MODIFY `ID` int(11) NOT NULL AUTO_INCREMENT, AUTO_INCREMENT=6;
--
-- AUTO_INCREMENT for table `SiteTreeLink`
--
ALTER TABLE `SiteTreeLink`
  MODIFY `ID` int(11) NOT NULL AUTO_INCREMENT;
--
-- AUTO_INCREMENT for table `SiteTree_EditorGroups`
--
ALTER TABLE `SiteTree_EditorGroups`
  MODIFY `ID` int(11) NOT NULL AUTO_INCREMENT;
--
-- AUTO_INCREMENT for table `SiteTree_Live`
--
ALTER TABLE `SiteTree_Live`
  MODIFY `ID` int(11) NOT NULL AUTO_INCREMENT, AUTO_INCREMENT=6;
--
-- AUTO_INCREMENT for table `SiteTree_Versions`
--
ALTER TABLE `SiteTree_Versions`
  MODIFY `ID` int(11) NOT NULL AUTO_INCREMENT, AUTO_INCREMENT=25;
--
-- AUTO_INCREMENT for table `SiteTree_ViewerGroups`
--
ALTER TABLE `SiteTree_ViewerGroups`
  MODIFY `ID` int(11) NOT NULL AUTO_INCREMENT;
--
-- AUTO_INCREMENT for table `Slide`
--
ALTER TABLE `Slide`
  MODIFY `ID` int(11) NOT NULL AUTO_INCREMENT, AUTO_INCREMENT=5;
--
-- AUTO_INCREMENT for table `VirtualPage`
--
ALTER TABLE `VirtualPage`
  MODIFY `ID` int(11) NOT NULL AUTO_INCREMENT;
--
-- AUTO_INCREMENT for table `VirtualPage_Live`
--
ALTER TABLE `VirtualPage_Live`
  MODIFY `ID` int(11) NOT NULL AUTO_INCREMENT;
--
-- AUTO_INCREMENT for table `VirtualPage_Versions`
--
ALTER TABLE `VirtualPage_Versions`
  MODIFY `ID` int(11) NOT NULL AUTO_INCREMENT;
/*!40101 SET CHARACTER_SET_CLIENT=@OLD_CHARACTER_SET_CLIENT */;
/*!40101 SET CHARACTER_SET_RESULTS=@OLD_CHARACTER_SET_RESULTS */;
/*!40101 SET COLLATION_CONNECTION=@OLD_COLLATION_CONNECTION */;
